Barcode,Cluster
AAACCCAAGGCTGTAG-1,1
AAACCCACAAAGGATT-1,2
AAACCCACAAATTAGG-1,4
AAACCCATCAGCGCGT-1,6
AAACCCATCTTTCCAA-1,4
AAACGAACATGTTACG-1,2
AAACGAAGTACTTGTG-1,1
AAACGAATCACGGGAA-1,5
AAACGAATCCGGACGT-1,4
AAACGAATCTACGGGC-1,4
AAACGCTCATGGTGGA-1,1
AAACGCTGTATGTCCA-1,2
AAAGAACAGATTCGAA-1,2
AAAGAACCACACCGAC-1,5
AAAGAACCAGAACATA-1,2
AAAGAACGTAGTTACC-1,1
AAAGAACGTCTAATCG-1,1
AAAGAACTCGACGACC-1,1
AAAGAACTCTACTTCA-1,1
AAAGGATGTAGCGTCC-1,3
AAAGGGCAGGCTCACC-1,2
AAAGGGCGTTCGCGTG-1,1
AAAGGGCTCGGTTGTA-1,1
AAAGGTACACTCCGAG-1,1
AAAGGTAGTTAGGGAC-1,1
AAAGTCCAGGGCCTCT-1,1
AAAGTCCCAAGATGTA-1,3
AAAGTCCGTGGAGAAA-1,1
AAAGTGAAGGTGATCG-1,5
AAAGTGAAGTCATCCA-1,3
AAAGTGAGTAACTAAG-1,6
AAATGGAAGGCGTTGA-1,1
AAATGGAGTAGATTGA-1,3
AACAAAGCATCCGGCA-1,1
AACAAAGGTACGGATG-1,1
AACAAAGTCAGCTTCC-1,4
AACAACCAGAGGTGCT-1,4
AACAACCAGCACGGAT-1,2
AACAACCGTCCTTGTC-1,1
AACAAGAAGCATCCCG-1,2
AACAAGAAGGGTACGT-1,2
AACACACCAGCAAGAC-1,2
AACACACCATCGAGCC-1,1
AACACACTCAGCCTTC-1,2
AACAGGGGTATTGGCT-1,2
AACAGGGTCTGTCGCT-1,6
AACCACACACTGCTTC-1,3
AACCACAGTACAAAGT-1,3
AACCACAGTCGCATGC-1,1
AACCACAGTTAAGCAA-1,2
AACCATGAGAGGTTTA-1,4
AACCATGAGATGATTG-1,1
AACCATGAGCAAATCA-1,4
AACCATGCAAGAGTAT-1,5
AACCATGGTCCGGCAT-1,1
AACCCAAAGACTGGGT-1,3
AACCCAAAGCAGCCTC-1,2
AACCCAAAGCCTGGAA-1,2
AACCCAACATATGAAG-1,4
AACCCAAGTTGTAGCT-1,2
AACCCAATCCGGTAAT-1,1
AACCTGAAGCGATTCT-1,2
AACCTGAAGTGTCATC-1,3
AACCTGACACTTCATT-1,2
AACCTGATCGTTCAGA-1,3
AACCTTTAGGAGCTGT-1,3
AACCTTTAGGAGTCTG-1,2
AACCTTTAGGGCTTCC-1,1
AACCTTTCAGATTTCG-1,1
AACCTTTGTCGGCACT-1,7
AACCTTTGTCGGTACC-1,2
AACGAAAGTAGCTTAC-1,4
AACGGGACAACATCGT-1,6
AACGGGACAACCCTAA-1,5
AACGGGACAAGTCCAT-1,3
AACGGGACAGCATGCC-1,4
AACGGGACAGTAGAGC-1,1
AACGGGAGTAGAGTTA-1,5
AACGGGATCGCCGAGT-1,2
AACGTCAAGCCTCACG-1,4
AACGTCAAGCTCGACC-1,1
AACGTCACAGTACTAC-1,3
AACGTCAGTGTGTGTT-1,2
AACGTCATCAGACATC-1,4
AACTTCTGTACGGGAT-1,1
AACTTCTGTTGTGCCG-1,1
AAGAACAAGCAGCCTC-1,2
AAGAACAAGCCTCACG-1,1
AAGAACACACACGTGC-1,6
AAGAACATCGTTCAGA-1,2
AAGACAAAGCTTTCCC-1,3
AAGACAACATGTGCCG-1,2
AAGACTCCACGACAGA-1,1
AAGACTCCAGTGGTGA-1,4
AAGACTCGTATCGCAT-1,7
AAGACTCGTTATGTCG-1,2
AAGACTCGTTCCAGGC-1,3
AAGATAGCAGTTGTTG-1,2
AAGATAGGTTCAATCG-1,1
AAGATAGGTTTCTATC-1,1
AAGCATCCATCTCCCA-1,5
AAGCCATAGATCCAAA-1,1
AAGCCATCACGACCTG-1,3
AAGCCATTCAGGAAAT-1,2
AAGCCATTCGGACTTA-1,1
AAGCGTTGTATGCTTG-1,1
AAGCGTTGTTTGGAGG-1,2
AAGCGTTTCGCGTAGC-1,2
AAGGAATAGAGCGACT-1,3
AAGGAATAGCCTTTGA-1,5
AAGGAATCACAGTATC-1,3
AAGGAATCATCCGTGG-1,5
AAGGTAACATCAGCTA-1,2
AAGTACCGTTCAGCGC-1,3
AAGTACCTCGCGATCG-1,3
AAGTCGTAGTAGGCCA-1,2
AAGTCGTTCGCGTGAC-1,1
AAGTGAAAGTGCTAGG-1,6
AAGTGAACAAGAGTAT-1,2
AAGTGAAGTCGTAATC-1,1
AAGTGAATCGGCATAT-1,3
AAGTTCGAGGGTACAC-1,3
AAGTTCGCATTGCTTT-1,2
AAGTTCGTCACTGATG-1,2
AATAGAGAGAACGTGC-1,4
AATAGAGAGGCGCTTC-1,6
AATAGAGGTCTCACGG-1,2
AATAGAGTCGGAGCAA-1,4
AATAGAGTCTCGGCTT-1,1
AATCACGAGTATTAGG-1,3
AATCACGCAAAGGAGA-1,1
AATCACGGTAGATCGG-1,3
AATCACGGTCTGCAAT-1,1
AATCACGGTGTTAAAG-1,1
AATCACGTCATGAGAA-1,4
AATCGACCAACTGCCG-1,5
AATCGACCACAACATC-1,3
AATCGACGTGGCGTAA-1,3
AATCGACTCCTGCTAC-1,2
AATCGTGTCAACCTCC-1,1
AATGAAGCACCAGCCA-1,1
AATGACCAGACTCAAA-1,1
AATGACCAGGATGTTA-1,2
AATGACCCAGGGCTTC-1,5
AATGACCTCGATTCCC-1,4
AATGCCAAGCAGGCTA-1,1
AATGCCACAGCAGAAC-1,1
AATGGAAAGAAGTCTA-1,2
AATGGAAAGTTTCAGC-1,3
AATGGAACACGGATCC-1,4
AATGGAATCTCCTGTG-1,3
AATGGCTCACCTCGTT-1,2
AATGGCTCATAACGGG-1,1
AATGGCTGTCGTGCCA-1,1
AATGGCTTCCGGTAAT-1,1
AATGGCTTCTAAGGAA-1,4
AATTCCTGTAGATGTA-1,3
AATTTCCAGAGGGCGA-1,2
AATTTCCCACTTGGCG-1,2
AATTTCCTCCCTCATG-1,2
AATTTCCTCGTTCTGC-1,1
ACAAAGAAGGCGAAGG-1,6
ACAAAGACAGAGATGC-1,7
ACAAAGACATTCATCT-1,1
ACAAAGAGTTCGTAAC-1,4
ACAAAGATCTCGTCAC-1,2
ACAACCACAGCGATTT-1,4
ACAACCAGTGCATCTA-1,3
ACAACCAGTTAGCTAC-1,4
ACAACCATCGTGTGAT-1,2
ACAAGCTCACAGCCAC-1,3
ACAAGCTGTCCCGCAA-1,3
ACAAGCTTCGGTCGGT-1,1
ACACAGTAGCCTGAAG-1,3
ACACAGTCAAGAGAGA-1,3
ACACGCGAGAACTTCC-1,1
ACACGCGAGGAGACCT-1,2
ACACGCGGTAGGAGGG-1,3
ACACGCGTCATGCATG-1,2
ACACGCGTCCGTCAAA-1,3
ACACGCGTCCTTTAGT-1,2
ACACTGAAGTAGAATC-1,5
ACACTGACAATAGTCC-1,2
ACACTGACACAATCTG-1,1
ACAGAAAGTTCTAAGC-1,5
ACAGAAATCCCTCATG-1,1
ACAGCCGAGCGCCTTG-1,4
ACAGCCGGTATACGGG-1,5
ACAGCCGGTATCCCAA-1,1
ACAGCCGTCAAAGCCT-1,4
ACAGCCGTCCAGTGTA-1,4
ACAGGGAGTGCCCACA-1,6
ACAGGGATCCATACTT-1,2
ACAGGGATCCCAAGTA-1,2
ACATCCCAGTATAACG-1,4
ACATCCCTCATGAGTC-1,3
ACATCCCTCTAGATCG-1,1
ACATCGAAGGTCATTC-1,1
ACATCGAAGTATGCAA-1,2
ACATTTCAGAAATGGG-1,4
ACATTTCAGTATGGCG-1,1
ACATTTCCAACCAACT-1,3
ACATTTCCAATAACCC-1,2
ACATTTCCAGTGGTGA-1,2
ACATTTCGTACTCCGG-1,3
ACCAAACAGACAACTA-1,1
ACCAAACAGACGGTCA-1,1
ACCAAACAGAGTGGCT-1,2
ACCAAACAGCACTTTG-1,2
ACCAAACAGGATCATA-1,3
ACCAAACCACAGAGAC-1,1
ACCAAACCACGGATCC-1,1
ACCAAACGTATGGTAA-1,1
ACCAAACGTGGGTCAA-1,4
ACCAACAAGATGACAT-1,5
ACCACAAGTGGTCCGT-1,2
ACCACAATCACCATCC-1,4
ACCATTTAGGGACCAT-1,2
ACCATTTAGTGGTTGG-1,4
ACCATTTCAACATCGT-1,1
ACCATTTGTCCACTTC-1,1
ACCCAAATCCAGTGCG-1,2
ACCCAAATCCAGTGTA-1,3
ACCCTCAAGATTGCGG-1,1
ACCCTCAAGCGCCGTT-1,2
ACCCTCACATACCATG-1,2
ACCCTCAGTAACGCGA-1,5
ACCCTCAGTATCACCA-1,3
ACCCTCAGTTCGGTCG-1,4
ACCCTCATCAGAGCAG-1,3
ACCCTTGCACCGAATT-1,3
ACCCTTGTCACATACG-1,3
ACCCTTGTCACCCATC-1,1
ACCGTTCAGTATCCTG-1,1
ACCGTTCCACGTCGTG-1,3
ACCGTTCGTCCATACA-1,2
ACCGTTCGTTAGAGTA-1,1
ACCGTTCGTTGCTAGT-1,1
ACCGTTCTCGTCGATA-1,1
ACCTACCTCATCCTGC-1,5
ACCTACCTCGAGAAAT-1,2
ACCTGAAAGGTTAGTA-1,1
ACCTGAAGTGAGATTA-1,4
ACCTGAATCTCAGGCG-1,4
ACCTGTCAGTCTAGAA-1,4
ACCTGTCGTGATATAG-1,2
ACGATCACACCCAAGC-1,2
ACGATGTGTTTCAGAC-1,4
ACGATGTTCTGTCTCG-1,4
ACGCACGCAGACCTGC-1,2
ACGCACGGTGTGACCC-1,2
ACGGAAGAGGCCCGTT-1,2
ACGGAAGAGGCCTTCG-1,2
ACGGAAGTCCAGCACG-1,5
ACGGGTCAGAAGCTGC-1,5
ACGGGTCAGTACAGCG-1,1
ACGGGTCCAGTGTGGA-1,2
ACGGGTCGTGAGCAGT-1,2
ACGGTCGCATCAGCTA-1,6
ACGGTCGGTTTCACAG-1,6
ACGGTCGTCTTCGGAA-1,3
ACGGTTAGTAATTAGG-1,2
ACGGTTATCACGGGCT-1,1
ACGTAACCAAACTAGA-1,1
ACGTAACCAGGTTTAC-1,3
ACGTAACGTCAATGGG-1,1
ACGTACAAGTGCAAAT-1,2
ACGTACACAAATAAGC-1,2
ACGTACAGTCATCAGT-1,1
ACGTAGTAGATGACAT-1,2
ACGTAGTAGCGCCCAT-1,3
ACGTAGTCACCAGACC-1,1
ACGTAGTCACGTACTA-1,1
ACGTAGTGTCGGCTAC-1,3
ACGTAGTTCGGTAGGA-1,2
ACGTCCTAGCGCAATG-1,1
ACGTCCTAGTGCACCC-1,4
ACGTCCTCACGCGCAT-1,1
ACGTCCTCACTGGCGT-1,3
ACGTTCCCACACACTA-1,3
ACGTTCCCACTCCGAG-1,1
ACGTTCCCAGACACAG-1,2
ACGTTCCGTTAATCGC-1,1
ACGTTCCTCGACGTCG-1,3
ACTACGAGTCCGGTCA-1,3
ACTATCTAGCAGTACG-1,2
ACTATCTAGCATCAGG-1,2
ACTATCTGTAAGTAGT-1,1
ACTATCTGTGCAACAG-1,1
ACTATCTGTGGTCTTA-1,1
ACTATCTTCTCTATGT-1,2
ACTATCTTCTTGTTAC-1,3
ACTATGGCACTTGTGA-1,1
ACTATGGGTCCCGTGA-1,3
ACTATGGTCCGACAGC-1,1
ACTATGGTCGCCTCTA-1,2
ACTATTCAGGACGGAG-1,6
ACTATTCGTCTGTAAC-1,2
ACTATTCGTCTGTGAT-1,2
ACTATTCTCGTGTGAT-1,4
ACTCCCAAGCGTCTGC-1,1
ACTCCCATCCTAAACG-1,3
ACTCCCATCGGCTGAC-1,5
ACTCTCGAGCAAACAT-1,5
ACTCTCGAGCATGCAG-1,1
ACTCTCGAGGTCGTAG-1,2
ACTCTCGCAGTCGTTA-1,1
ACTCTCGTCAGATGCT-1,2
ACTGATGGTCAAAGCG-1,3
ACTGATGTCACTGATG-1,3
ACTGCAAAGCCACAAG-1,3
ACTGCAAAGGGCAGTT-1,2
ACTGTCCAGATGATTG-1,4
ACTGTCCCAGAATCGG-1,1
ACTGTCCTCCAAGAGG-1,1
ACTGTCCTCTATACGG-1,1
ACTGTGAAGAGTAACT-1,4
ACTGTGAAGGGTTAAT-1,3
ACTGTGAAGTTCATGC-1,2
ACTGTGACAAATGAGT-1,2
ACTGTGAGTCAAGCCC-1,2
ACTGTGATCCCAGGAC-1,5
ACTTAGGCAAGCGCAA-1,2
ACTTAGGGTCGCACGT-1,2
ACTTAGGGTTCAAGGG-1,8
ACTTATCGTACAAACA-1,2
ACTTATCTCATAGCAC-1,3
ACTTCCGAGTTTGCTG-1,3
ACTTCCGCACACGCCA-1,1
ACTTCCGGTATCGTTG-1,1
ACTTCCGGTGGTATGG-1,2
ACTTCCGGTTCCCACT-1,2
ACTTCGCAGGTTGTTC-1,3
ACTTCGCAGTAAGACT-1,1
ACTTCGCGTCCGAAGA-1,1
ACTTCGCTCCAAGCAT-1,3
ACTTCGCTCTATACGG-1,3
ACTTTCAAGTGTCATC-1,3
ACTTTCACAGACCGCT-1,1
ACTTTCAGTGAGACGT-1,4
ACTTTGTAGATTCGCT-1,1
ACTTTGTAGCTATCCA-1,3
ACTTTGTCAACCCTCT-1,5
ACTTTGTCAATGACCT-1,3
ACTTTGTCACTGGCCA-1,2
ACTTTGTCAGCTGTAT-1,3
ACTTTGTGTACAGTTC-1,3
ACTTTGTGTGTTCGAT-1,4
ACTTTGTGTTTCGGCG-1,1
AGAAATGTCTGCTGAA-1,3
AGAACAAGTGAGCCAA-1,1
AGAACCTCAACTCCAA-1,1
AGAACCTGTAAGTAGT-1,1
AGAACCTGTACCGTCG-1,4
AGAAGCGGTAACAAGT-1,1
AGAAGCGTCAGACATC-1,1
AGAAGTAAGACATATG-1,3
AGAAGTAAGAGCCTGA-1,3
AGAAGTAAGGACTTCT-1,1
AGAAGTAAGTGGCGAT-1,4
AGAAGTATCACCTTAT-1,4
AGAAGTATCGCAACAT-1,1
AGAAGTATCGCCTTTG-1,3
AGACAAACAGGTGACA-1,1
AGACAAATCAACTCTT-1,1
AGACAAATCGAAGCCC-1,1
AGACACTCACTATCCC-1,4
AGACACTTCGCTGCGA-1,1
AGACAGGGTATGGGAC-1,2
AGACAGGGTTTAGACC-1,2
AGACCATAGCATAGGC-1,2
AGACCATCAGCTGTGC-1,4
AGACCATCAGTCAGTT-1,6
AGACCATTCCGAGGCT-1,1
AGACCCGAGACGAGCT-1,6
AGACCCGCATCTCGTC-1,1
AGACCCGGTAGCTGAG-1,2
AGACCCGGTCTGGTTA-1,1
AGACCCGTCGCGTTTC-1,1
AGACTCAAGATACATG-1,5
AGAGAATAGGCTATCT-1,1
AGAGAATAGGGATCGT-1,1
AGAGAATAGGTGCATG-1,1
AGAGCAGTCGGAAGGT-1,1
AGAGCCCAGGTTCTAC-1,3
AGAGCCCCAATCCAGT-1,4
AGAGCCCCAGGGAATC-1,5
AGAGCCCGTATCCCAA-1,1
AGATAGAAGTAAACTG-1,1
AGATAGAAGTTGCGAG-1,2
AGATAGATCGTTAGAC-1,1
AGATCCAAGCCGATCC-1,2
AGATCCAAGGTTACCT-1,1
AGATCCAAGTATGACA-1,6
AGATCCACAGCTCATA-1,1
AGATCCACAGGTTACT-1,3
AGATCGTAGCGTTAGG-1,3
AGATGAAAGGAGACCT-1,3
AGATGAATCAGTCTTT-1,4
AGATGCTGTCAAGCCC-1,3
AGATGCTGTTCGAACT-1,5
AGCATCACAGCCGTTG-1,4
AGCATCAGTACGTAGG-1,2
AGCATCATCAAGGAGC-1,2
AGCCAATGTAGGTAGC-1,1
AGCCAATGTCTCGACG-1,4
AGCCAATGTTCTAACG-1,1
AGCCAATTCAACTGGT-1,5
AGCCAATTCAAGAATG-1,2
AGCCAATTCACCCTCA-1,2
AGCCAATTCGAGTTGT-1,5
AGCCACGGTCGTAATC-1,1
AGCCACGGTTGTCATG-1,1
AGCCAGCGTGTTATCG-1,1
AGCGATTGTTCTCTAT-1,3
AGCGCCAAGAATCGAT-1,6
AGCGCCAAGATAGGGA-1,3
AGCGCCAGTGTTGACT-1,2
AGCGCCATCAGACCGC-1,2
AGCGCCATCGAGAGCA-1,3
AGCGCTGCAAGATGGC-1,1
AGCGCTGCAATACCCA-1,1
AGCGCTGGTTCGAAGG-1,1
AGCGTATAGTCGCCCA-1,1
AGCGTATGTCCAGGTC-1,2
AGCGTATTCCCATAAG-1,2
AGCGTATTCTACCACC-1,3
AGCGTCGAGGTTAGTA-1,6
AGCGTCGCAAGACAAT-1,2
AGCGTCGGTTTACACG-1,5
AGCTACAGTTTACACG-1,5
AGCTACATCGGCTGGT-1,1
AGCTACATCGTAGAGG-1,5
AGCTCAAAGCGCTGCT-1,1
AGCTCAAAGGGTACAC-1,2
AGCTCAAGTATAGGGC-1,4
AGCTTCCAGTCCGCCA-1,3
AGCTTCCCAAGTGGGT-1,4
AGCTTCCGTGCCTAAT-1,7
AGCTTCCGTGGTTCTA-1,3
AGCTTCCGTTCACCGG-1,3
AGGAAATAGACAACAT-1,1
AGGAAATAGTTGGACG-1,3
AGGAAATCACCCTGAG-1,1
AGGAATAGTCCAATCA-1,3
AGGACGAAGCGACTAG-1,4
AGGACGAGTGGTGATG-1,3
AGGACGATCATACGGT-1,2
AGGACGATCCACTTTA-1,2
AGGACTTCAACCACGC-1,5
AGGACTTTCCCAGTGG-1,1
AGGAGGTAGAGAGGGC-1,5
AGGAGGTCACCCTATC-1,2
AGGAGGTCATACTGAC-1,3
AGGAGGTCATGACAAA-1,3
AGGAGGTTCCCGAGGT-1,1
AGGAGGTTCCGAACGC-1,1
AGGATAAAGTGCGCTC-1,2
AGGATAAGTGAAGCTG-1,2
AGGATCTAGCACGTCC-1,1
AGGATCTTCCAGCCTT-1,1
AGGCATTGTCGCATCG-1,2
AGGCATTTCTAATTCC-1,1
AGGCCACAGTCTGGAG-1,1
AGGCCACGTAGTGCGA-1,1
AGGCCACTCTTCGGTC-1,5
AGGCTGCAGGCCACTC-1,3
AGGCTGCAGTGCAACG-1,1
AGGCTGCGTAACATGA-1,3
AGGCTGCGTGCCGTTG-1,1
AGGCTGCTCGCCATAA-1,1
AGGGCCTAGCTGACCC-1,3
AGGGCCTCATCTAGAC-1,3
AGGGCCTCATGACGAG-1,1
AGGGCTCAGATCGACG-1,1
AGGGCTCAGCCACTCG-1,2
AGGGCTCAGCTACAAA-1,1
AGGGCTCCAACGATCT-1,1
AGGGCTCCAATTCGTG-1,1
AGGGCTCCATTGACTG-1,1
AGGGTCCGTCCAGAAG-1,3
AGGGTCCGTTGCACGC-1,1
AGGGTCCTCCCATTTA-1,1
AGGGTGAAGTGCGTCC-1,3
AGGGTTTCACGTATAC-1,3
AGGGTTTCAGCCATTA-1,2
AGGGTTTGTAGGTTTC-1,3
AGGTAGGAGGGAGAAT-1,1
AGGTCATTCGCGTCGA-1,1
AGGTCATTCTGTCAGA-1,1
AGGTCTAAGCGTATGG-1,1
AGGTCTAAGGCAGGGA-1,2
AGGTCTAGTACTGTTG-1,2
AGGTCTATCTGTGCGG-1,1
AGGTGTTAGTGGCCTC-1,1
AGGTGTTCATTCTCCG-1,1
AGGTGTTTCGCAGTCG-1,5
AGGTTACAGAAGGATG-1,2
AGGTTACAGGAACTCG-1,3
AGGTTACAGTCGAGGT-1,2
AGGTTACCAGATTTCG-1,1
AGGTTACTCCGTATAG-1,5
AGGTTGTAGCCTTTCC-1,1
AGGTTGTCAAGAGTAT-1,1
AGGTTGTCATCCAACA-1,4
AGTAACCCAGATCACT-1,3
AGTAACCGTGCCCGTA-1,1
AGTACCAAGGATAATC-1,1
AGTACCACATCTAACG-1,1
AGTACCAGTAAGCGGT-1,3
AGTACCAGTATTTCTC-1,4
AGTACTGAGCCTAGGA-1,1
AGTACTGCACATAGCT-1,3
AGTACTGCATGCGGTC-1,1
AGTACTGTCCCAAGCG-1,1
AGTAGTCAGTAGTCTC-1,2
AGTAGTCCAAGCAATA-1,3
AGTAGTCCATCTCAAG-1,2
AGTAGTCTCAGCTCTC-1,5
AGTCAACAGATCCCGC-1,2
AGTCAACGTAGCACGA-1,1
AGTCAACGTGTGAGCA-1,4
AGTCAACGTTTCGGCG-1,7
AGTCACAGTCGTGATT-1,1
AGTCATGCACAGTCCG-1,2
AGTCATGCACATGGTT-1,3
AGTCATGCATCCGGCA-1,4
AGTCATGGTAGCGAGT-1,1
AGTCTCCAGAGCATTA-1,1
AGTCTCCCAGGGATAC-1,1
AGTCTCCGTTTGAACC-1,4
AGTCTCCTCTCGAACA-1,3
AGTGACTCAGTAGTTC-1,2
AGTGACTTCACCCATC-1,4
AGTGACTTCATCCTAT-1,2
AGTGATCCACCAGGTC-1,2
AGTGATCTCAAAGACA-1,1
AGTGATCTCATCCCGT-1,2
AGTGCCGAGTTCCATG-1,1
AGTGCCGCATCATTGG-1,2
AGTGCCGTCGTCAAAC-1,3
AGTGTTGAGGTTCCAT-1,1
AGTGTTGCACATTGTG-1,1
AGTGTTGCACTGCGTG-1,6
AGTGTTGCATTCAGGT-1,3
AGTGTTGTCCCTAGGG-1,4
AGTTAGCTCTGTCGTC-1,3
AGTTCCCAGGTTATAG-1,7
AGTTCCCCACACAGCC-1,1
AGTTCCCCATCGAAGG-1,2
AGTTCCCGTCCACGCA-1,1
AGTTCCCTCAATCTCT-1,1
AGTTCGAAGCCTAACT-1,4
AGTTCGACAACAAAGT-1,1
AGTTCGACATACCAGT-1,1
AGTTCGAGTCTATGAC-1,1
AGTTCGATCGCTTACC-1,1
ATACCGACAATCGTCA-1,5
ATACCGAGTCCCTCAT-1,3
ATACCGAGTGCAGTGA-1,1
ATACCGAGTGGGTTGA-1,5
ATACCGATCAGCACCG-1,2
ATACCTTAGGACGGAG-1,1
ATACCTTTCGCGAAGA-1,4
ATACTTCGTTACACAC-1,4
ATACTTCGTTTGCCGG-1,5
ATACTTCTCACTTTGT-1,2
ATACTTCTCGACCACG-1,7
ATACTTCTCGTAGCTA-1,1
ATACTTCTCGTGCGAC-1,1
ATAGACCGTGACATCT-1,1
ATAGACCGTGCGAACA-1,3
ATAGAGAGTAGGACTG-1,1
ATAGGCTGTTATCTTC-1,3
ATAGGCTTCGGCATTA-1,4
ATATCCTAGACGATAT-1,3
ATATCCTCATTCCTAT-1,2
ATCACAGAGATGCGAC-1,3
ATCACAGCATTGACTG-1,3
ATCACAGGTCACTACA-1,1
ATCACAGGTCTTCTAT-1,1
ATCACAGTCGCAAGAG-1,2
ATCACGAGTACTTCCC-1,2
ATCACGATCGTGCTCT-1,1
ATCACTTAGGCATGGT-1,1
ATCACTTCATCGCTGG-1,4
ATCAGGTAGTAGTGCG-1,1
ATCAGGTGTCCATACA-1,4
ATCAGGTTCAGTGTTG-1,1
ATCAGGTTCCTACGAA-1,1
ATCATTCAGAATCCCT-1,5
ATCATTCAGGTGTGAC-1,2
ATCATTCTCTACCAGA-1,6
ATCATTCTCTGCTTAT-1,4
ATCCACCCAACAAGAT-1,1
ATCCACCCATATAGCC-1,6
ATCCACCTCGTTAGAC-1,7
ATCCATTCAAGTCCAT-1,2
ATCCATTCAGGCGATA-1,1
ATCCATTGTGAATATG-1,3
ATCCATTTCGATACGT-1,1
ATCCCTGAGGCACTCC-1,2
ATCCCTGCAAGAGTGC-1,1
ATCCCTGCAAGTGGGT-1,3
ATCCCTGCAGATTTCG-1,1
ATCCCTGGTCTGCCTT-1,2
ATCCCTGTCTGACGCG-1,3
ATCCGTCAGCTCTATG-1,1
ATCCGTCCATCCTTGC-1,1
ATCCGTCGTGGACTAG-1,2
ATCCGTCTCCAACTAG-1,3
ATCCTATAGAGCGACT-1,7
ATCCTATGTGGTCCCA-1,1
ATCCTATTCAGTCACA-1,4
ATCGATGAGCTAGAAT-1,4
ATCGATGAGTCATTGC-1,5
ATCGATGCACACCAGC-1,4
ATCGATGTCCCTTCCC-1,1
ATCGATGTCTGGTGGC-1,2
ATCGCCTGTATAGGAT-1,1
ATCGGATCACACTGGC-1,1
ATCGGATCAGCGATTT-1,2
ATCGGATCATCCTCAC-1,1
ATCGGATGTAGATCGG-1,1
ATCGGATGTGGATTTC-1,1
ATCGGATGTGTGCTTA-1,1
ATCGGCGGTGGTGATG-1,2
ATCGTAGCAATCACGT-1,2
ATCGTAGCAGATACCT-1,4
ATCGTAGCAGGTCAAG-1,1
ATCGTAGTCAGATGCT-1,2
ATCGTAGTCGAGTCTA-1,4
ATCGTCCAGCTTTCCC-1,5
ATCGTCCCATAGAAAC-1,1
ATCGTCCGTCGTGCCA-1,1
ATCGTGAAGAGCATCG-1,3
ATCGTGAAGGACAGTC-1,3
ATCGTGACACCAGCTG-1,2
ATCGTGAGTCACAGAG-1,1
ATCTCTAAGGAAAGTG-1,3
ATCTCTAGTGTACAGG-1,2
ATCTCTATCACCTCGT-1,6
ATCTTCAAGAGAAGGT-1,2
ATCTTCAAGCGATGCA-1,2
ATCTTCATCCACCCTA-1,2
ATCTTCATCCGGACTG-1,4
ATGAAAGGTGCTGATT-1,4
ATGAAAGGTGGATGAC-1,5
ATGACCAAGAGACAAG-1,1
ATGACCACAAATGGTA-1,4
ATGACCATCAGGAAGC-1,1
ATGAGGGAGGTTTACC-1,1
ATGAGGGCAGATACTC-1,4
ATGAGGGGTCTCTCAC-1,1
ATGAGGGGTTGGTGTT-1,5
ATGAGGGTCCTTGGAA-1,1
ATGAGTCCAACGACTT-1,1
ATGAGTCCACCCTAGG-1,3
ATGAGTCCATGTTCGA-1,4
ATGAGTCTCTATTGTC-1,4
ATGAGTCTCTCATGCC-1,3
ATGAGTCTCTTCACGC-1,1
ATGATCGAGTTGGCTT-1,2
ATGATCGCATGGAAGC-1,1
ATGATCGGTGTCTTCC-1,3
ATGATCGTCTAAGAAG-1,4
ATGATCGTCTTCGGAA-1,2
ATGATCGTCTTCTGGC-1,1
ATGCATGAGGCTAACG-1,2
ATGCATGAGGTCTGGA-1,6
ATGCATGCAGGTTCGC-1,2
ATGCCTCAGTTCACTG-1,7
ATGCCTCGTCAGTCCG-1,1
ATGCCTCGTTGTTGAC-1,1
ATGCCTCTCCTACACC-1,5
ATGCGATCATGCCGAC-1,1
ATGCGATGTCTGTGCG-1,1
ATGGAGGCACGTCGGT-1,1
ATGGAGGGTACTCCCT-1,2
ATGGAGGTCCGTCCTA-1,5
ATGGATCCACCACTGG-1,3
ATGGGAGCAGAGTTGG-1,3
ATGGGAGTCCATCACC-1,1
ATGGGTTCAGCGTTTA-1,1
ATGGGTTGTCATACCA-1,3
ATGGGTTTCGTAGCCG-1,1
ATGGTTGAGAGCAAGA-1,2
ATGGTTGAGCATTGTC-1,1
ATGGTTGGTCGTACTA-1,1
ATGTCCCGTGCTCCGA-1,4
ATGTCCCTCCACACCT-1,3
ATGTCTTGTGAAAGTT-1,3
ATGTCTTTCTGAGATC-1,1
ATTACCTCAACTGGTT-1,1
ATTACCTCATGAGATA-1,2
ATTACCTGTTTGACAC-1,4
ATTACTCAGCAACTCT-1,4
ATTACTCGTACAAGTA-1,6
ATTACTCGTACTCGTA-1,1
ATTACTCGTTTGATCG-1,3
ATTATCCAGCCAAGTG-1,1
ATTATCCAGTACTGGG-1,1
ATTATCCCAAATGGCG-1,1
ATTATCCCAGGACAGT-1,3
ATTATCCCAGTCTACA-1,1
ATTATCCTCAGCTGAT-1,4
ATTCACTAGGACTTCT-1,1
ATTCACTCAGAGTGTG-1,1
ATTCACTGTATGAGCG-1,4
ATTCAGGCAACATCGT-1,1
ATTCAGGCAGGCACAA-1,4
ATTCAGGTCGCTGTCT-1,1
ATTCAGGTCTGCTCTG-1,4
ATTCATCAGAGCCTGA-1,1
ATTCATCCAGATCCTA-1,1
ATTCATCTCAACACCA-1,4
ATTCCATAGTGCACCC-1,1
ATTCCATGTTCCTAGA-1,2
ATTCCCGAGGATTCCT-1,1
ATTCCCGGTGGTATGG-1,3
ATTCCCGTCATCGGGC-1,4
ATTCCCGTCGCACGAC-1,2
ATTCCTACAGTCCGTG-1,2
ATTCCTAGTACTTGTG-1,3
ATTCCTAGTGGCTACC-1,4
ATTCCTAGTTGCCTAA-1,3
ATTCGTTCAAGATCCT-1,6
ATTCGTTGTACGATCT-1,1
ATTCGTTTCACGACTA-1,1
ATTCGTTTCTTAGGAC-1,2
ATTCTACAGGACTGGT-1,3
ATTCTACCAGCAGTCC-1,6
ATTCTACCATACCAGT-1,1
ATTCTACGTGGTCTTA-1,1
ATTCTTGAGTTGGAGC-1,2
ATTCTTGAGTTTCAGC-1,4
ATTCTTGGTCTAGTGT-1,6
ATTCTTGTCGCTAAAC-1,2
ATTCTTGTCTCAATCT-1,4
ATTGGGTAGCTCGACC-1,3
ATTGGGTCACTTGGGC-1,1
ATTGGGTGTCTGTGTA-1,3
ATTGGGTTCGGTAAGG-1,6
ATTGTTCCAACAAGTA-1,2
ATTGTTCGTACAGAAT-1,1
ATTGTTCGTGCTCTCT-1,2
ATTTACCAGTTAGAAC-1,1
ATTTACCCATTCCTAT-1,1
ATTTACCGTAGGAAAG-1,4
ATTTACCGTCAACCAT-1,2
ATTTACCGTCCCTGAG-1,1
ATTTACCTCCTCCACA-1,4
ATTTCACAGCTGTTAC-1,3
ATTTCACGTACTCCGG-1,2
ATTTCTGTCTGTCGCT-1,7
CAAAGAATCCGAGGCT-1,1
CAAAGAATCTCCGTGT-1,5
CAACAACGTACAGTTC-1,2
CAACAGTGTAGCTCGC-1,1
CAACAGTGTGTTAACC-1,3
CAACAGTGTGTTGCCG-1,1
CAACCAATCTACTATC-1,3
CAACCTCAGGCCGCTT-1,1
CAACCTCCAGAAGTGC-1,3
CAACCTCGTAAGAACT-1,1
CAACCTCTCATTACTC-1,4
CAACCTCTCCGTGACG-1,5
CAACGATAGTCCGCCA-1,3
CAACGATGTTCCTAGA-1,7
CAACGGCTCTGCGAGC-1,6
CAAGACTAGACTACCT-1,1
CAAGACTCACGCAGTC-1,6
CAAGACTTCTCACGAA-1,6
CAAGAGGAGAAGAGCA-1,3
CAAGAGGAGGAGAATG-1,1
CAAGAGGCAGGACTAG-1,3
CAAGAGGTCCAGTACA-1,5
CAAGCTAAGGCTCTCG-1,1
CAAGCTAGTCAATCTG-1,2
CAAGCTATCTACTGAG-1,1
CAAGCTATCTAGTCAG-1,2
CAAGCTATCTCGCCTA-1,4
CAAGCTATCTCGCTTG-1,6
CAAGGGAAGGCCGCTT-1,3
CAAGGGATCGCTTGCT-1,1
CAATACGAGGGACAGG-1,3
CAATACGCAAATGGAT-1,3
CAATCGAAGGCTTAGG-1,3
CAATCGAGTAGTCCTA-1,1
CAATCGAGTGTGGTCC-1,1
CAATCGAGTTACCCTC-1,1
CAATGACAGCAGCCTC-1,1
CAATGACCACTAGGTT-1,2
CAATGACCAGCTATTG-1,3
CAATGACGTATGTGTC-1,3
CAATGACTCGAGTTGT-1,1
CAATTTCAGCCTAACT-1,3
CACAACACAGCTATTG-1,4
CACACAAAGAACAGGA-1,1
CACACAATCAAAGGAT-1,2
CACAGATAGCATATGA-1,1
CACAGATAGCTAGTTC-1,2
CACAGATTCGGCTGAC-1,1
CACAGATTCTGGGAGA-1,1
CACAGGCAGGCACTAG-1,2
CACAGGCCACACTTAG-1,4
CACAGGCGTACGTACT-1,5
CACAGGCTCAGCTGTA-1,1
CACATGAAGCAATAGT-1,1
CACATGACAGGGAATC-1,6
CACATGACATTCATCT-1,3
CACATGAGTTACGGAG-1,2
CACATGATCTCTGCCA-1,4
CACCAAAAGGTAGATT-1,2
CACCAAACAGAAATCA-1,3
CACCAAAGTAGATCCT-1,1
CACCAAATCGCAGTGC-1,1
CACCGTTGTCCGATCG-1,2
CACCGTTGTCGGTGTC-1,1
CACCGTTTCGGCTTCT-1,2
CACGAATAGCTCCCTT-1,2
CACGAATCACAAGGTG-1,3
CACGAATCATCGTTCC-1,5
CACGAATTCCAGTGCG-1,1
CACGAATTCGAAGAAT-1,1
CACGAATTCGCAGTCG-1,1
CACGAATTCTTTCCAA-1,3
CACGGGTCAGCTCGGT-1,1
CACGGGTGTTAAGAAC-1,1
CACGTGGGTTACTCAG-1,5
CACGTGGTCGGACTTA-1,3
CACGTTCTCCAGGACC-1,1
CACTGAAAGTAAGGGA-1,3
CACTGAAAGTAGTCTC-1,2
CACTGGGGTCGCTTAA-1,1
CACTGTCCAATCGAAA-1,2
CACTGTCCACAACGCC-1,3
CACTGTCGTACACGCC-1,6
CACTGTCTCGCCCAGA-1,4
CACTTCGAGTCGGCAA-1,2
CACTTCGCAGCGATTT-1,6
CACTTCGTCGTTCCCA-1,1
CAGAGCCAGGTGGCTA-1,3
CAGAGCCCACCAACAT-1,3
CAGAGCCGTGCATACT-1,4
CAGAGCCTCATCTGTT-1,5
CAGAGCCTCTCTTCAA-1,1
CAGATACGTACAAAGT-1,4
CAGATCACATGTGTCA-1,2
CAGATCATCCCATAAG-1,1
CAGATTGAGACCAAGC-1,1
CAGATTGAGAGTCACG-1,3
CAGATTGAGCCTCTTC-1,2
CAGATTGCAGTAGAGC-1,2
CAGATTGCAGTTTGGT-1,3
CAGATTGGTCCAACGC-1,3
CAGCAATAGCAAGGAA-1,3
CAGCAATAGCTACTAC-1,3
CAGCAATAGGATTCCT-1,2
CAGCAATAGTCGAAAT-1,5
CAGCAATCACGCTGCA-1,4
CAGCAATCAGCGACAA-1,3
CAGCAATCATTGCTGA-1,2
CAGCAATCATTGTCGA-1,4
CAGCACGCACTACCGG-1,1
CAGCACGCATGGATCT-1,3
CAGCACGGTCGAGCAA-1,1
CAGCAGCAGTGCCTCG-1,3
CAGCAGCCAAGTAGTA-1,2
CAGCAGCCACGCTGTG-1,1
CAGCAGCGTGACACAG-1,2
CAGCAGCTCCGTGGCA-1,3
CAGCCAGAGATTGACA-1,4
CAGCCAGGTCGGAACA-1,2
CAGCCAGTCCACTAGA-1,1
CAGCCAGTCCCATACC-1,1
CAGCGTGCAAACTCGT-1,3
CAGCGTGCACGATTCA-1,3
CAGCGTGGTGAGTAAT-1,1
CAGCGTGTCAAGGACG-1,1
CAGCGTGTCCTTCGAC-1,1
CAGCGTGTCGCACGAC-1,4
CAGCGTGTCTCCAAGA-1,1
CAGGCCACAGTTAAAG-1,1
CAGGCCATCACTAGCA-1,1
CAGGGCTCAGGGAGAG-1,2
CAGGGCTGTGGTCTGC-1,5
CAGGTATAGGTACTGG-1,3
CAGGTATCACTGTTCC-1,1
CAGGTATCATTCAGCA-1,1
CAGTGCGGTTCTGAGT-1,1
CAGTGCGTCTGATGGT-1,1
CAGTTAGCACGTACAT-1,6
CAGTTAGGTATTCCGA-1,2
CAGTTAGGTTCCAGGC-1,7
CAGTTCCCAGGAATAT-1,1
CAGTTCCTCCAATGCA-1,1
CATAAGCAGGGCCCTT-1,1
CATAAGCCAGAGTGTG-1,3
CATAAGCCAGCGCGTT-1,1
CATAAGCTCGCCAGTG-1,4
CATACAGCAGCAGATG-1,2
CATACAGCAGTGGTGA-1,3
CATACAGCATGACACT-1,3
CATACAGCATTGAGGG-1,2
CATACCCAGTGCACCC-1,2
CATACCCTCTCGGTAA-1,4
CATACCCTCTGGCCAG-1,3
CATACTTGTCATCCCT-1,1
CATACTTTCGGACAAG-1,4
CATAGACTCTGGGAGA-1,1
CATCAAGAGCTGGCTC-1,1
CATCAAGAGTGCCCGT-1,5
CATCAAGGTATACCTG-1,2
CATCAAGTCATACGGT-1,3
CATCCACGTACGGGAT-1,6
CATCCCAAGGATATAC-1,2
CATCCCACATAATCGC-1,1
CATCCCAGTAGGACCA-1,2
CATCCCATCCATATGG-1,2
CATCCCATCCTCTTTC-1,3
CATCCGTAGATTAGCA-1,1
CATCCGTAGTCGCCCA-1,1
CATCCGTCAGACCAGA-1,1
CATCCGTTCTATCCAT-1,3
CATCGGGAGTCCCAAT-1,1
CATCGGGCAGCCCACA-1,3
CATCGGGGTCGACGCT-1,5
CATCGGGTCGTGCACG-1,2
CATCGTCAGTTGCTCA-1,1
CATGAGTCATTACTCT-1,1
CATGAGTTCCACAGGC-1,2
CATGAGTTCTTCCGTG-1,5
CATGCAATCCTACACC-1,1
CATGCCTCAGTCAGTT-1,1
CATGCCTCATCCGTGG-1,1
CATGCCTTCGTTATCT-1,1
CATGCGGAGCCGATTT-1,1
CATGCGGAGTTAACAG-1,3
CATGCTCAGTTTCAGC-1,4
CATGCTCGTGTTAAAG-1,4
CATGGATAGACGGATC-1,2
CATGGATCATAGGCGA-1,5
CATGGATGTAATCAGA-1,1
CATGGATTCGGCTGTG-1,1
CATGGTACAGGTTTAC-1,1
CATGGTATCGCATTGA-1,1
CATTCATCAGATCCAT-1,1
CATTCATGTACTTGTG-1,4
CATTCATGTTAATGAG-1,6
CATTCCGCACACTGGC-1,4
CATTCCGCACGACCTG-1,4
CATTCCGCAGCTGCCA-1,1
CATTCTAGTTCCCAAA-1,3
CATTCTATCAATGCAC-1,3
CATTCTATCACTTTGT-1,1
CATTCTATCGAATGCT-1,3
CATTGAGGTTTACCAG-1,1
CATTGCCCAAACGAGC-1,5
CATTGCCCACAGAGCA-1,3
CATTGCCTCGATGCTA-1,6
CATTGTTCAGACGATG-1,3
CATTGTTCAGGCATGA-1,2
CATTGTTCATGTGCTA-1,3
CATTGTTCATGTGTCA-1,1
CATTGTTGTCTGTGCG-1,2
CATTGTTTCACCCTTG-1,6
CATTGTTTCAGGAACG-1,1
CATTGTTTCTACACAG-1,4
CATTTCAAGGATAATC-1,6
CATTTCACAATAGTGA-1,3
CATTTCATCATCTCTA-1,7
CATTTCATCGCAACAT-1,2
CCAAGCGAGCCTAACT-1,2
CCAAGCGAGGATTTCC-1,4
CCAAGCGAGTGTAGTA-1,4
CCAAGCGGTCCTCCAT-1,3
CCAAGCGGTTAGAAAC-1,2
CCAAGCGTCCTCGCAT-1,1
CCAATGACACTTCATT-1,2
CCACAAAAGACAACAT-1,4
CCACAAAAGAGCAAGA-1,7
CCACAAATCGTTAGAC-1,2
CCACACTCACCAGGTC-1,5
CCACACTGTCACTCAA-1,2
CCACACTTCAATCTCT-1,2
CCACCATCAGTTCCAA-1,4
CCACCATGTAATCAAG-1,6
CCACGAGCATCTAGAC-1,1
CCACGTTAGGCCCACT-1,1
CCACGTTAGGCGCTTC-1,1
CCACGTTGTCGAACGA-1,1
CCACGTTGTTATGTGC-1,2
CCACTTGAGATGTTCC-1,2
CCACTTGAGTGGAAAG-1,4
CCACTTGCACGGAAGT-1,4
CCACTTGTCATGCCAA-1,1
CCATAAGAGCGTATGG-1,2
CCATAAGGTACAATAG-1,1
CCATAAGGTAGGAAAG-1,2
CCATCACAGATACGAT-1,1
CCATCACTCCTAGCTC-1,2
CCCAACTCAACCCTCT-1,1
CCCAACTCACGAGAAC-1,4
CCCATTGAGAGAGCAA-1,1
CCCATTGAGGACGCTA-1,1
CCCATTGCAACACGAG-1,3
CCCATTGGTCATAAAG-1,1
CCCATTGGTGAGCCAA-1,2
CCCATTGGTGTTCAGT-1,2
CCCATTGTCACGAACT-1,6
CCCGAAGAGTTCTACG-1,2
CCCGAAGGTGAGACGT-1,1
CCCGAAGGTGGTCTCG-1,6
CCCGAAGGTTCTAACG-1,7
CCCGAAGGTTGTAGCT-1,6
CCCGGAATCGCTGACG-1,1
CCCTAACAGAAGCCTG-1,3
CCCTAACAGGGCAACT-1,6
CCCTAACCAGACGCTC-1,1
CCCTAACCAGGTCCCA-1,3
CCCTAACTCAGCAGAG-1,1
CCCTCAACAAGGCGTA-1,5
CCCTCAACAGAGTCAG-1,6
CCCTCTCCAATACCTG-1,4
CCCTCTCGTTGGGACA-1,5
CCCTCTCTCTGTGCTC-1,4
CCCTGATCAGGCTACC-1,1
CCCTGATGTAAGCTCT-1,2
CCCTGATGTCGTTATG-1,2
CCCTGATGTGTGAGCA-1,2
CCCTTAGAGAATTGCA-1,3
CCCTTAGAGACATCAA-1,1
CCCTTAGCACCCAACG-1,1
CCCTTAGCAGCTGTAT-1,2
CCCTTAGGTTCGGCGT-1,2
CCGAACGCACATTCGA-1,1
CCGAACGTCGAACCTA-1,1
CCGATCTCAGACAAGC-1,4
CCGATCTGTCTGCCTT-1,2
CCGATGGCAATAACGA-1,4
CCGATGGCATCATGAC-1,3
CCGATGGGTCTTCATT-1,1
CCGATGGTCCATCTAT-1,3
CCGCAAGGTTAACCTG-1,1
CCGCAAGGTTGAGGAC-1,1
CCGGGTAAGGTCGAGT-1,1
CCGGGTAAGTAGTCCT-1,4
CCGGGTAAGTGGTTAA-1,1
CCGGGTACAAGCGCTC-1,2
CCGGGTACAGTCAGTT-1,1
CCGGGTATCCCTCTTT-1,1
CCGGTAGTCGTCTCAC-1,6
CCGGTGAAGGACGCTA-1,4
CCGGTGACACGACGTC-1,1
CCGTAGGAGATGCCGA-1,1
CCGTAGGGTTTACGAC-1,4
CCGTAGGTCTTGGAAC-1,4
CCGTGAGTCCTTATAC-1,6
CCGTTCACACCTTCCA-1,1
CCGTTCATCGCTTGAA-1,1
CCTAACCAGAGCATAT-1,4
CCTAACCAGATCACCT-1,1
CCTAACCGTTAGAAAC-1,1
CCTAACCTCCCTCATG-1,1
CCTAAGACAATGTCTG-1,1
CCTAAGACACACAGCC-1,1
CCTAAGAGTTTCCATT-1,1
CCTAAGATCTAGGAAA-1,2
CCTACGTAGGGAGAAT-1,5
CCTACGTCAAACTCTG-1,5
CCTACGTCACCAGACC-1,3
CCTACGTGTACCTTCC-1,2
CCTACGTGTACTCGCG-1,3
CCTACGTTCGTCTACC-1,1
CCTATCGCATGGCGCT-1,1
CCTATCGGTGACCGAA-1,1
CCTCAACGTGAGATCG-1,1
CCTCACACATAACAGA-1,2
CCTCACATCGAGCCAC-1,3
CCTCAGTAGAATCCCT-1,3
CCTCAGTAGCCACCGT-1,1
CCTCAGTAGTGATGGC-1,1
CCTCAGTTCATTTCGT-1,1
CCTCCAACAGCTTCGG-1,1
CCTCCAACATAACCCA-1,1
CCTCCTCAGGAGCTGT-1,2
CCTCCTCGTACCCACG-1,1
CCTCCTCGTCAGGTGA-1,3
CCTCTAGTCTTGGCTC-1,4
CCTCTCCAGGTGCGAT-1,4
CCTCTCCTCCCAGGAC-1,3
CCTGCATCAAGCACAG-1,1
CCTGCATCAGGCAATG-1,1
CCTGCATGTTAAGGGC-1,1
CCTGCATTCGTCCTCA-1,1
CCTGCATTCGTGCTCT-1,1
CCTGTTGAGCGAGTCA-1,2
CCTGTTGAGGGAGGGT-1,5
CCTGTTGTCATTGCCC-1,2
CCTGTTGTCGACCACG-1,1
CCTGTTGTCGGTTGTA-1,1
CCTTCAGAGTTTGCTG-1,1
CCTTCAGGTTCTTCAT-1,1
CCTTGTGAGCTATCCA-1,2
CCTTGTGGTACTGAGG-1,6
CCTTGTGTCATTTGTC-1,4
CGAAGGACAGTTCTAG-1,2
CGAAGGACATAGGCGA-1,1
CGAAGGAGTATACCTG-1,3
CGAAGGAGTCAGACTT-1,1
CGAAGGAGTTACCGTA-1,3
CGAAGGATCGCCACTT-1,2
CGAAGGATCGGTCTGG-1,1
CGAAGGATCTGATGGT-1,1
CGAAGTTCACGCGTGT-1,1
CGAAGTTGTGCTCTCT-1,2
CGAAGTTTCCCAATAG-1,3
CGAAGTTTCGTAGGAG-1,2
CGAATTGGTCTCTCAC-1,2
CGAATTGTCAAACTGC-1,6
CGACAGCAGCTAATCC-1,4
CGACAGCCATGACTAC-1,4
CGAGAAGCACCCTGTT-1,2
CGAGAAGGTCACAGTT-1,4
CGAGGAATCTACAGGT-1,2
CGAGGCTAGACTGTTC-1,2
CGAGTGCCACAAATGA-1,3
CGAGTGCCACGATTCA-1,7
CGAGTGCGTCCGACGT-1,4
CGAGTGCGTGACTGTT-1,2
CGAGTGCGTTCAAGTC-1,1
CGAGTGCTCCATTGCC-1,1
CGAGTTAAGCAATAAC-1,2
CGAGTTAGTAGTTAGA-1,2
CGAGTTATCATTGAGC-1,1
CGATCGGCATCTCGTC-1,1
CGATCGGGTAGGTTTC-1,4
CGATCGGTCGAAATCC-1,2
CGATCGGTCTTCCAGC-1,3
CGATGCGGTGAGAGGG-1,3
CGATGCGGTTGCCAAT-1,4
CGATGCGTCCTCTCTT-1,2
CGATGGCCACAATCTG-1,2
CGATGGCCAGTGGGTA-1,3
CGATGGCGTAGACGGT-1,2
CGATGGCGTTTACGAC-1,1
CGATGGCTCCGACGGT-1,3
CGATGGCTCCGATAAC-1,1
CGATGGCTCTCTGGTC-1,3
CGCAGGTCACGAGGTA-1,3
CGCAGGTGTATGCTTG-1,4
CGCATAATCTGTTCAT-1,7
CGCATGGAGGTCCCTG-1,1
CGCATGGTCCGTCCTA-1,1
CGCATGGTCTGACGCG-1,1
CGCCAGAAGACTAAGT-1,3
CGCCAGAAGATACCAA-1,5
CGCCAGATCACTGCTC-1,4
CGCCATTAGTGTACAA-1,2
CGCCATTCACCAGACC-1,2
CGCCATTGTAGATCCT-1,1
CGCCATTGTTGCAACT-1,3
CGCCATTTCCTCTCGA-1,4
CGCCATTTCGCAGTGC-1,1
CGCGTGAAGACTCGAG-1,2
CGCGTGAAGCTGACCC-1,2
CGCGTGAGTCCACACG-1,3
CGCGTGATCACGATCA-1,2
CGGAACCAGCGTGAGT-1,1
CGGAACCCAGGTCAGA-1,6
CGGAACCTCGTCGCTT-1,2
CGGAATTTCAGGACGA-1,1
CGGAGAACAAACTCTG-1,1
CGGCAGTAGGTATCTC-1,3
CGGCAGTCATCCTCAC-1,6
CGGGACTAGGGAGGGT-1,4
CGGGCATGTAACATGA-1,2
CGGGCATGTATATGGA-1,7
CGGGCATGTCGGAAAC-1,2
CGGGCATTCCCGTAAA-1,4
CGGGCATTCTTTACAC-1,1
CGGGTCAAGACGACGT-1,6
CGGGTCAAGAGATTCA-1,3
CGGGTGTCACACAGCC-1,2
CGGGTGTGTTGGGAAC-1,2
CGGGTGTTCATCGCTC-1,3
CGGGTGTTCGCTAAAC-1,1
CGGTCAGCAGGACATG-1,4
CGGTCAGGTAGGAGTC-1,2
CGGTCAGTCCTGGTCT-1,5
CGTAAGTAGTGCGACA-1,5
CGTAAGTCACGAAAGC-1,2
CGTAAGTTCACCTCGT-1,2
CGTAATGCACAACCGC-1,4
CGTAATGCATAGCTGT-1,4
CGTAATGGTACTGCGC-1,4
CGTAATGTCCTGCCAT-1,2
CGTAGTAAGTGCAAAT-1,4
CGTCAAACACGAGGTA-1,4
CGTCAAAGTGCTAGCC-1,2
CGTCAAAGTGCTCCGA-1,1
CGTCAAATCTGGCCAG-1,8
CGTCCATCAACGGCTC-1,1
CGTCCATGTGGAACCA-1,4
CGTCCATTCCTACCAC-1,1
CGTGAATAGCCAACCC-1,1
CGTGAATAGGACACTG-1,5
CGTGAATCAGAAGTGC-1,1
CGTGAATGTAGTCCTA-1,7
CGTGAATTCCTGGGTG-1,3
CGTGAATTCTCACGAA-1,4
CGTGATAAGAGTCTGG-1,1
CGTGATACACATGGTT-1,3
CGTGATACAGAGTGAC-1,6
CGTGATAGTCGCTCGA-1,2
CGTGATAGTTCCGTTC-1,5
CGTGCTTGTGGCTGCT-1,2
CGTGCTTGTTGACTAC-1,1
CGTGCTTTCGGTTGTA-1,1
CGTGCTTTCTTAAGGC-1,4
CGTGTCTAGTGTTCCA-1,4
CGTGTCTGTTGTTGCA-1,5
CGTGTCTTCCTAAGTG-1,1
CGTGTCTTCTCTCAAT-1,1
CGTTAGAAGAAACCCG-1,4
CGTTCTGAGCTTTCTT-1,2
CGTTCTGTCAAGGCTT-1,9
CGTTCTGTCTGGGAGA-1,3
CGTTGGGTCGGTGTAT-1,1
CTAACCCCACGACGTC-1,4
CTAACCCCAGCCGTCA-1,1
CTAACCCCATGTCTAG-1,1
CTAACTTCAAGGCTTT-1,1
CTAACTTGTCGGAAAC-1,2
CTAACTTGTTATGTGC-1,5
CTAAGTGAGAGTAACT-1,2
CTAAGTGGTGGGATTG-1,2
CTAAGTGGTGTCTTAG-1,1
CTAAGTGGTTCATCTT-1,3
CTACAGATCGTGACTA-1,6
CTACATTAGACAGCTG-1,4
CTACATTCAAGAGGCT-1,1
CTACATTTCGCCAATA-1,2
CTACATTTCGCGTTTC-1,2
CTACCCAAGATCACCT-1,1
CTACCCACATTGCTTT-1,2
CTACCCATCAAGGCTT-1,2
CTACCTGAGGCTCACC-1,6
CTACCTGGTCGTCGGT-1,4
CTACCTGTCATGGAGG-1,3
CTACGGGAGCGTTACT-1,3
CTACGGGAGGACGCAT-1,2
CTACGGGCAGACCATT-1,2
CTACTATAGAAGCGGG-1,5
CTACTATAGAGAGCAA-1,1
CTACTATTCTCTCCGA-1,1
CTAGACAAGACTTCAC-1,4
CTAGACACATCACGGC-1,6
CTAGACAGTTAGGCTT-1,2
CTAGACATCCTCTAAT-1,1
CTAGACATCTCCGATC-1,1
CTAGGTAAGTTTCGAC-1,3
CTAGGTAGTCGCAACC-1,3
CTATAGGAGACGCTCC-1,2
CTATAGGAGTGTAGAT-1,4
CTATAGGCATCGATGT-1,4
CTATAGGTCCAATCTT-1,3
CTATCCGAGGACTAAT-1,1
CTATCTAGTCATCAGT-1,5
CTATCTAGTTCTAACG-1,4
CTATCTATCTCGCCTA-1,3
CTCAACCAGTTTCGGT-1,2
CTCAACCGTCTACAAC-1,2
CTCAACCGTTCGTTCC-1,3
CTCAACCTCCGAGTGC-1,3
CTCAAGAAGACACACG-1,3
CTCAATTAGACAGTCG-1,2
CTCAATTAGCACCGTC-1,2
CTCAATTGTAGCTGAG-1,7
CTCAATTGTCCCACGA-1,1
CTCAATTGTTGCACGC-1,2
CTCAATTTCTCGACCT-1,4
CTCACTGCACTAGGCC-1,4
CTCACTGCAGCTTTGA-1,1
CTCACTGGTCGACGCT-1,1
CTCACTGGTGACGCCT-1,4
CTCACTGTCCTCTTTC-1,2
CTCAGAACATACCATG-1,6
CTCAGAATCTCGTCAC-1,3
CTCAGGGAGATGGCAC-1,1
CTCAGGGAGCTGAAGC-1,4
CTCAGTCCATGCCGCA-1,1
CTCAGTCGTAGCACAG-1,5
CTCAGTCGTAGTCCTA-1,2
CTCAGTCGTTTCTATC-1,2
CTCATCGAGGCATGCA-1,1
CTCATCGTCAGGCGAA-1,2
CTCATGCGTACGTGTT-1,3
CTCATGCTCCTTCACG-1,1
CTCATTATCAAAGAAC-1,1
CTCCAACAGATGGTCG-1,6
CTCCAACAGTGAATAC-1,4
CTCCAACAGTTCCGGC-1,1
CTCCAACCACTACGGC-1,4
CTCCAACGTCTGCCTT-1,6
CTCCAACGTTCCTTGC-1,1
CTCCAACTCGTAGTGT-1,4
CTCCACACATTGCTTT-1,4
CTCCATGGTATGCTAC-1,1
CTCCATGGTCTTCGAA-1,4
CTCCATGGTTGCATAC-1,2
CTCCCAAAGAGATGCC-1,1
CTCCCAACAAATCAGA-1,2
CTCCCAACAGCTATTG-1,1
CTCCCAAGTGCGAACA-1,2
CTCCCAATCCTCTTTC-1,4
CTCCCAATCGCAATGT-1,2
CTCCCAATCTGGGCGT-1,1
CTCCGATCAACACTAC-1,6
CTCCTCCCACTGTCGG-1,3
CTCCTCCCAGCGAGTA-1,2
CTCCTCCCATAATCCG-1,1
CTCCTCCGTATCATGC-1,1
CTCCTCCGTTAGCTAC-1,6
CTCCTCCTCGTCTAAG-1,1
CTCCTTTAGTGCACTT-1,3
CTCCTTTCACAGTCAT-1,1
CTCCTTTTCCGAGTGC-1,2
CTCCTTTTCGGTCTAA-1,1
CTCCTTTTCGTTATCT-1,1
CTCGAGGAGTCCTGTA-1,3
CTCGAGGAGTGGAATT-1,5
CTCGAGGCAGTTAGGG-1,4
CTCGAGGTCGAAGCAG-1,5
CTCGAGGTCTACACAG-1,3
CTCTCAGGTTACGCCG-1,5
CTCTCAGTCCTAGAGT-1,1
CTCTCGACATCGCTCT-1,2
CTCTCGAGTCTCACAA-1,1
CTCTCGAGTCTGATCA-1,4
CTCTCGATCATGGCCG-1,1
CTCTCGATCCGCGGAT-1,1
CTCTGGTAGGCTTAGG-1,5
CTCTGGTAGTATGGCG-1,4
CTCTGGTAGTTACGTC-1,2
CTCTGGTCAGCTCGGT-1,1
CTGAATGCAGCTCCTT-1,3
CTGAATGGTACCATAC-1,5
CTGAATGGTGATTAGA-1,2
CTGAATGGTGTGGTCC-1,3
CTGAATGGTTGGGATG-1,2
CTGAATGTCATATGGC-1,5
CTGAGCGGTAACACCT-1,1
CTGAGCGTCGACCTAA-1,2
CTGAGGCAGCTGACTT-1,2
CTGAGGCCACTCGATA-1,4
CTGAGGCTCGAAGCCC-1,3
CTGATCCAGAGCACTG-1,2
CTGATCCGTAATGCGG-1,2
CTGATCCGTCTAACTG-1,2
CTGATCCGTTCGGGTC-1,1
CTGCAGGAGGTTGAGC-1,2
CTGCAGGCAATAGTAG-1,1
CTGCAGGCACTAGAGG-1,2
CTGCAGGGTCCCTGTT-1,3
CTGCAGGTCACATCAG-1,2
CTGCATCAGGTGCAGT-1,5
CTGCATCAGTTTAGGA-1,1
CTGCATCCACATACGT-1,6
CTGCATCGTCAACCTA-1,2
CTGCATCTCAGGGATG-1,6
CTGCATCTCGCTCATC-1,1
CTGCCATAGAGGGTCT-1,5
CTGCCATAGCACTCCG-1,2
CTGCCATAGCTATCCA-1,1
CTGCCATCACCAGTTA-1,1
CTGCCATGTCGTTCAA-1,2
CTGCCTAGTGAGATCG-1,1
CTGCCTATCAGAACCT-1,1
CTGCCTATCCACGGGT-1,3
CTGCCTATCCTTATCA-1,1
CTGCGAGAGTAGAGTT-1,3
CTGCGAGCACAAACGG-1,3
CTGCGAGGTCAGACGA-1,5
CTGCGAGGTCATCCCT-1,4
CTGCGAGTCTGCGTCT-1,4
CTGCTCAAGTCTCGTA-1,3
CTGCTCAGTCGAAGCA-1,6
CTGCTCATCTAAGCGT-1,5
CTGGACGAGCTGAAGC-1,1
CTGGACGAGGCAGCTA-1,1
CTGGACGCAATCGCCG-1,4
CTGGACGGTACGGCAA-1,3
CTGGACGTCCAGCCTT-1,2
CTGGACGTCGGTCGAC-1,2
CTGGCAGCAGTATTCG-1,4
CTGGCAGGTCAGTCGC-1,4
CTGGCAGTCCAGTGCG-1,1
CTGGCAGTCTGAGTCA-1,3
CTGGTCTAGCCAAGCA-1,3
CTGGTCTAGTGTACAA-1,6
CTGGTCTCAATTTCCT-1,1
CTGGTCTCATTGGATC-1,4
CTGTACCAGCACACAG-1,1
CTGTAGAAGCTAGCCC-1,3
CTGTAGATCCTCTAAT-1,1
CTGTATTGTCTGTTAG-1,1
CTGTATTGTTCCGCTT-1,3
CTGTATTTCAAGTGGG-1,3
CTGTATTTCAGGGATG-1,1
CTGTCGTTCCCTGGTT-1,1
CTGTGAAAGGCTCTCG-1,2
CTGTGAAGTGTTTCTT-1,7
CTGTGGGAGCGGATCA-1,1
CTGTGGGAGTATTCCG-1,2
CTGTGGGCAGACAATA-1,1
CTGTGGGGTGTCATTG-1,2
CTGTGGGTCATGAGGG-1,4
CTGTGGGTCCAACTGA-1,1
CTTACCGCATCATGAC-1,4
CTTACCGGTGCCCGTA-1,1
CTTACCGTCAGGACAG-1,5
CTTACCGTCGACACTA-1,6
CTTAGGAAGCGTCTCG-1,4
CTTAGGAAGCGTGTCC-1,1
CTTCAATCAATTGAAG-1,1
CTTCAATCAGGCATGA-1,4
CTTCAATGTAGGTGCA-1,2
CTTCAATTCTCCACTG-1,1
CTTCCGAAGGCCCAAA-1,1
CTTCCGACACCACATA-1,5
CTTCCGAGTGTCATTG-1,3
CTTCCTTCATGAGGGT-1,3
CTTCCTTGTCGCTTGG-1,3
CTTCCTTTCCGGACGT-1,1
CTTCGGTCAGGCATGA-1,1
CTTCGGTTCAAGAGGC-1,1
CTTCGGTTCAATCTCT-1,1
CTTCTAAAGCGGTAGT-1,2
CTTCTAACACCGTCTT-1,2
CTTCTAAGTCCATCTC-1,7
CTTCTCTCAACCGGAA-1,2
CTTCTCTCAAGGTCAG-1,4
CTTCTCTGTGAAGCTG-1,3
CTTGAGAAGGCTCACC-1,2
CTTGAGAAGTAACCTC-1,4
CTTGAGAGTCGTCATA-1,3
CTTGAGATCAGGGTAG-1,2
CTTGATTCACGGGTAA-1,3
CTTGATTGTATGGAAT-1,2
CTTGATTGTCCAGCAC-1,6
CTTTCAATCCTATTTG-1,1
CTTTCGGAGGAGCTGT-1,5
CTTTCGGCACATATGC-1,2
CTTTCGGTCAAAGGAT-1,1
GAAACCTTCACAGAGG-1,1
GAAATGAGTACGGTTT-1,3
GAAATGAGTCCTTGTC-1,2
GAAATGAGTCTCCTGT-1,1
GAACACTTCGGAGCAA-1,1
GAACGTTTCACCACAA-1,5
GAACGTTTCGCAGTTA-1,3
GAACTGTGTAGGCTGA-1,3
GAACTGTGTGGGTTGA-1,2
GAACTGTTCCGATAGT-1,1
GAACTGTTCTCTATAC-1,4
GAACTGTTCTTCCCGA-1,1
GAAGAATCAAGATCCT-1,2
GAAGAATGTCGGCACT-1,2
GAAGAATTCTATGCCC-1,1
GAAGCCCGTTCGTGCG-1,3
GAAGCCCTCCGATCGG-1,1
GAAGCGAAGAATCCCT-1,3
GAAGGACAGTAAACAC-1,3
GAAGGACAGTTCATCG-1,4
GAAGGGTCATGACTCA-1,1
GAAGGGTTCACATTGG-1,4
GAAGTAAAGCTCTTCC-1,1
GAAGTAAGTTAACCTG-1,5
GAATAGAAGACTACCT-1,3
GAATAGAAGGAATTAC-1,1
GAATAGACAATGCAGG-1,4
GAATCACAGCCGAACA-1,1
GAATCACCAGTTTCAG-1,6
GAATCACCATGACCCG-1,1
GAATCACGTGCACATT-1,2
GAATCACTCCAGTGCG-1,1
GAATCGTAGGCGTTGA-1,1
GAATCGTAGGGCTGAT-1,1
GAATCGTAGGTAGCAC-1,3
GAATCGTCAATAGTAG-1,1
GAATCGTGTGCGAGTA-1,2
GAATCGTGTGGCTACC-1,4
GACACGCAGCACGGAT-1,1
GACACGCCAACCACGC-1,4
GACACGCGTGCAGATG-1,4
GACACGCGTTCCGCTT-1,1
GACAGCCAGCGGTAGT-1,1
GACAGCCCACCAGTAT-1,2
GACAGCCCACGCTTAA-1,1
GACATCAAGATTGTGA-1,2
GACATCAAGGAAAGTG-1,2
GACCAATAGGCCTGCT-1,7
GACCAATCACCAAAGG-1,5
GACCCAGCACAACATC-1,3
GACCCAGGTGATATAG-1,1
GACCCAGGTTTCCAAG-1,4
GACCCAGTCAAGCCGC-1,4
GACCCAGTCCGGACGT-1,1
GACCCTTAGATCCTAC-1,1
GACCCTTAGCGTTCCG-1,1
GACCCTTCAAGCACCC-1,2
GACCCTTGTGTGACCC-1,2
GACCGTGCAGGTGTGA-1,2
GACCTTCAGCGATGAC-1,2
GACCTTCGTAGAATGT-1,3
GACCTTCGTTACACTG-1,3
GACCTTCTCCGCCTAT-1,2
GACTATGAGCCTCTCT-1,1
GACTATGCAAGTTCCA-1,3
GACTATGCACCACTGG-1,3
GACTATGTCAAACTGC-1,6
GACTATGTCTGGGCAC-1,1
GACTCAAAGACTCTAC-1,6
GACTCTCCAGCGTTGC-1,3
GACTCTCGTACGACAG-1,2
GACTGATAGTTGTCAC-1,2
GACTGATCACACGTGC-1,2
GACTGATGTCATCGGC-1,7
GACTTCCGTGAGATCG-1,3
GAGAAATTCCGTAGGC-1,2
GAGACCCAGGGAGTTC-1,4
GAGACCCAGGTTTGAA-1,3
GAGACCCGTCGCATCG-1,5
GAGACTTCATCTCCCA-1,2
GAGACTTGTGAAGCGT-1,4
GAGACTTTCACCTCGT-1,4
GAGACTTTCGCACTCT-1,3
GAGAGGTAGTACAACA-1,3
GAGATGGGTTAAGCAA-1,4
GAGATGGTCCCTTTGG-1,2
GAGCCTGCAACTGGTT-1,2
GAGCCTGGTACGGCAA-1,2
GAGCCTGTCTAAACGC-1,2
GAGCTGCGTACCGTCG-1,3
GAGCTGCGTAGGCTCC-1,4
GAGCTGCGTAGTGTGG-1,3
GAGCTGCTCAGGTGTT-1,3
GAGGCAAAGAAATTCG-1,3
GAGGCAACATCGGAAG-1,3
GAGGCAAGTAGCACAG-1,2
GAGGCAATCGTTAGAC-1,3
GAGGCAATCTGTGTGA-1,4
GAGGCCTAGTCTTGGT-1,2
GAGGCCTCACTCCGGA-1,2
GAGGGATAGCTGAGTG-1,4
GAGGGTACAAAGGTTA-1,1
GAGGGTAGTAAGGAGA-1,2
GAGTCATAGCGCTGAA-1,1
GAGTCATTCCTGGTCT-1,5
GAGTCATTCTACCCAC-1,1
GAGTCTAGTGGGATTG-1,1
GAGTGAGAGACCGCCT-1,2
GAGTGAGCATGATGCT-1,2
GAGTGAGTCGCAGTCG-1,4
GAGTGAGTCTCAGAAC-1,4
GAGTGTTTCGGTCTAA-1,6
GAGTTACAGATTGACA-1,2
GAGTTGTTCTGGCCAG-1,2
GAGTTTGAGCGACTTT-1,4
GAGTTTGCAAAGGTTA-1,3
GAGTTTGGTAACGGTG-1,3
GAGTTTGTCATCGACA-1,6
GATAGAAGTACTGCGC-1,2
GATAGAAGTCAGGCAA-1,1
GATAGAAGTGTATCCA-1,3
GATAGAATCATAGACC-1,1
GATAGAATCGCTACAA-1,4
GATAGCTCAACCTAAC-1,1
GATAGCTGTCCCACGA-1,1
GATCACACAGTTGAAA-1,1
GATCACATCTGAGTCA-1,2
GATCAGTAGACTACCT-1,1
GATCAGTAGGCAGGTT-1,1
GATCATGAGGTAGATT-1,3
GATCATGGTACCTAAC-1,4
GATCATGGTATCTCGA-1,1
GATCCCTAGAATTGCA-1,1
GATCCCTCACGGGTAA-1,1
GATCCCTGTGTCCGGT-1,4
GATCGTAAGAAGCCAC-1,1
GATCGTACAGGTTTAC-1,3
GATCGTACATGAGATA-1,2
GATCGTACATTGGGAG-1,2
GATGACTAGAGCAGTC-1,6
GATGACTAGGTTGACG-1,2
GATGACTGTTCGGCCA-1,5
GATGACTTCATGAGGG-1,5
GATGAGGGTCTCGGAC-1,4
GATGAGGGTTAGTCGT-1,3
GATGAGGGTTTAGTCG-1,7
GATGATCCAATTTCTC-1,4
GATGATCCACAGACGA-1,2
GATGATCGTCCTGGTG-1,5
GATGCTACAAGGGCAT-1,4
GATGCTACAGATTCGT-1,3
GATGCTATCTGCAGCG-1,3
GATGGAGAGGCAGCTA-1,1
GATGGAGGTAGGTAGC-1,2
GATGGAGTCGACGATT-1,2
GATGTTGCATACAGCT-1,1
GATGTTGGTACTAGCT-1,5
GATGTTGGTCGCTTAA-1,2
GATGTTGGTGAATGTA-1,2
GATGTTGTCGTAGAGG-1,3
GATGTTGTCTTACTGT-1,1
GATTCGAGTTCGCGTG-1,2
GATTCTTAGTGCGCTC-1,5
GATTCTTTCACTCCGT-1,1
GATTCTTTCTGTCCCA-1,1
GATTGGTCACATAGCT-1,2
GATTGGTCATGACTGT-1,6
GATTTCTCAGGTTTAC-1,4
GATTTCTCAGTTTCAG-1,1
GATTTCTGTCGTCATA-1,3
GCAACATGTTTAGTCG-1,6
GCAACCGCAAGCGCTC-1,3
GCAACCGGTGTAACGG-1,2
GCACATAAGCTGAAGC-1,2
GCACATAAGTCGCCAC-1,1
GCACATACAGACACCC-1,1
GCACATACATCTTAGG-1,2
GCACATAGTGCCTGAC-1,1
GCACGGTAGGAAGAAC-1,2
GCACGGTAGTGGCCTC-1,1
GCACGGTGTCCTGAAT-1,6
GCACGTGCAAAGGGCT-1,3
GCACGTGTCCGGCAAC-1,4
GCACTAAAGTGCTAGG-1,1
GCACTAACAAGTGCAG-1,1
GCACTAACACAACATC-1,3
GCACTAACACGAAGAC-1,7
GCACTAAGTGAGTTTC-1,1
GCACTAATCACAGAGG-1,3
GCACTAATCGAGAAAT-1,2
GCACTAATCGTCTAAG-1,1
GCAGCCAAGCAGGTCA-1,4
GCAGCCACACGTTCGG-1,3
GCAGCCAGTATGTCAC-1,3
GCAGCCATCAAAGGTA-1,2
GCAGCCATCAAGTAAG-1,4
GCAGCCATCAGACATC-1,1
GCAGCCATCTCTTCAA-1,3
GCAGCTGAGAGAGCCT-1,4
GCAGCTGGTTGGTAGG-1,2
GCAGCTGTCCACTGAA-1,1
GCAGCTGTCCTGTTGC-1,4
GCAGGCTAGTACTGTC-1,3
GCAGGCTCACACCTGG-1,5
GCAGTTAAGGCTGTAG-1,7
GCAGTTACACACCGCA-1,4
GCAGTTACATTGAAGA-1,3
GCATCGGAGAAGCTCG-1,2
GCATCGGCATCCAACA-1,2
GCATCGGGTACAAAGT-1,1
GCATCGGGTCGAGCAA-1,5
GCATCGGGTTGGGATG-1,3
GCATCGGTCCGGACTG-1,1
GCATCTCCAAGACCGA-1,4
GCATCTCCACAAAGTA-1,1
GCATCTCCATCGGCCA-1,3
GCATGATAGAAGTATC-1,1
GCATGATAGAATTCAG-1,1
GCATGATAGACAGCTG-1,3
GCATGATCATCCTCAC-1,2
GCATGATTCTCGAGTA-1,5
GCATTAGAGAGGATCC-1,2
GCATTAGAGGGACTGT-1,1
GCATTAGCAGGGACTA-1,1
GCATTAGGTGCCTAAT-1,1
GCATTAGTCGACCCAG-1,3
GCCAACGAGGCACGAT-1,1
GCCAACGCAGCTGTGC-1,2
GCCAACGGTACGTTCA-1,6
GCCAACGTCCTTCACG-1,2
GCCAACGTCGACGCGT-1,5
GCCAACGTCGATCCCT-1,3
GCCAGCAAGCAAATCA-1,4
GCCAGCAAGTAAACGT-1,2
GCCAGCACAAAGTGTA-1,2
GCCAGCAGTGCATTAC-1,5
GCCAGGTGTGATGAAT-1,2
GCCAGGTTCATAGGCT-1,4
GCCAGTGGTATCAAGA-1,1
GCCATGGCATGACGGA-1,2
GCCATGGTCCTTCTTC-1,2
GCCATGGTCTGCCTGT-1,5
GCCATTCAGGATGTTA-1,1
GCCATTCCAACAGAGC-1,4
GCCATTCCAACTCCCT-1,2
GCCCAGACACGCGGTT-1,4
GCCCAGACAGCAATTC-1,4
GCCCGAAGTTAGAAAC-1,5
GCCCGAATCGGCTATA-1,1
GCCGATGGTAACATGA-1,3
GCCGATGGTCCACATA-1,2
GCCGATGGTTCGTTCC-1,6
GCCGTGACAAACACCT-1,1
GCCTGTTAGGTTAGTA-1,1
GCCTGTTCAATGCTCA-1,5
GCCTGTTCATATCTCT-1,1
GCCTGTTGTACAGTCT-1,3
GCCTGTTGTTATAGAG-1,1
GCGAGAACAATTCACG-1,5
GCGAGAACAGAGGTTG-1,1
GCGAGAAGTACAAGCG-1,5
GCGAGAAGTCTCTCAC-1,1
GCGAGAATCGTGGTAT-1,1
GCGATCGAGGCGTTAG-1,5
GCGATCGCACCAGTTA-1,4
GCGATCGCAGCAGGAT-1,4
GCGATCGGTCGAGTGA-1,2
GCGATCGTCTTGGTCC-1,3
GCGGAAACATGCCGGT-1,2
GCGGAAAGTCTAATCG-1,1
GCGGATCCAATTGCGT-1,2
GCGGATCGTAATTGGA-1,1
GCGGATCGTCGCCTAG-1,1
GCGGATCTCAGGACGA-1,4
GCGTTTCAGGGTACAC-1,1
GCGTTTCGTTTAGACC-1,4
GCTACAAAGACGGATC-1,4
GCTACAAAGGGCATGT-1,1
GCTACAACATAGATCC-1,3
GCTACCTCAGCTATAC-1,1
GCTACCTCAGTGACCC-1,2
GCTACCTTCTTGTTAC-1,2
GCTCAAAAGAGTCCGA-1,1
GCTCAAACACTAACGT-1,1
GCTCAAAGTCGATTTG-1,3
GCTCAAATCATAAGGA-1,7
GCTGAATTCATGGATC-1,5
GCTGCAGCAAAGCTAA-1,2
GCTGCAGCACAAGCCC-1,2
GCTGCAGCAGCGAACA-1,2
GCTGCAGGTCCGAAGA-1,6
GCTGCAGTCATGGAGG-1,2
GCTGGGTCACTACCGG-1,1
GCTGGGTGTATCTCTT-1,3
GCTTCACAGTGGATAT-1,4
GCTTCACGTACCCACG-1,1
GCTTCACGTCGACTTA-1,3
GCTTCACTCCGATCTC-1,3
GCTTCACTCCGTGGGT-1,1
GCTTGGGAGCCTTCTC-1,2
GCTTGGGCACACCTTC-1,5
GCTTGGGCATCATCTT-1,1
GCTTGGGCATCCTGTC-1,6
GCTTGGGGTCACCGAC-1,5
GCTTTCGAGACCAAGC-1,1
GCTTTCGCAATCTAGC-1,3
GCTTTCGCAGGCTTGC-1,3
GCTTTCGGTAACTGCT-1,7
GCTTTCGGTTCAGCTA-1,2
GGAACCCAGCATTTGC-1,2
GGAACCCCAAGCTCTA-1,6
GGAACCCCAAGGGTCA-1,2
GGAAGTGCATCTGGGC-1,2
GGAAGTGTCTGCTAGA-1,1
GGAATGGAGTTGCTGT-1,1
GGAATGGCAAGGAGTC-1,2
GGAATGGCAGCGGATA-1,3
GGACGTCTCACTTATC-1,2
GGAGATGCACTATCGA-1,2
GGAGATGGTATACCTG-1,1
GGAGCAAAGTGTACCT-1,4
GGAGGATAGCTGGTGA-1,2
GGAGGATGTGCACATT-1,2
GGAGGTAAGAGGACTC-1,2
GGAGGTAGTACCTGTA-1,2
GGATCTAAGGCCGCTT-1,5
GGATCTACATCACCAA-1,3
GGATGTTAGGAATGTT-1,6
GGATGTTTCGACATAC-1,2
GGATGTTTCTTGGAAC-1,5
GGCAGTCAGTGCCCGT-1,3
GGCAGTCTCGCCGTGA-1,1
GGCGTCAAGGCACTAG-1,1
GGCGTCAAGTAGCTCT-1,7
GGCGTCAAGTAGGAAG-1,2
GGCGTCACAGAGTAAT-1,3
GGCGTCATCGCAGTGC-1,1
GGCTGTGGTAGGTGCA-1,2
GGCTGTGTCGAACGCC-1,2
GGCTGTGTCGGATAAA-1,3
GGCTTGGAGTCTCGTA-1,1
GGCTTGGTCGTCACCT-1,2
GGCTTTCAGACCATAA-1,2
GGCTTTCCAAGGGTCA-1,1
GGCTTTCGTCCACTTC-1,2
GGCTTTCTCCTACAAG-1,5
GGGAAGTCAACGGCTC-1,1
GGGAAGTGTGAGACGT-1,3
GGGAAGTTCAGGAACG-1,6
GGGACCTAGTTGCTCA-1,2
GGGACCTCAATACAGA-1,4
GGGACTCCAAATGCTC-1,2
GGGAGATCAGCTGTAT-1,1
GGGAGATCAGTGCGCT-1,4
GGGAGTACAAAGGTTA-1,1
GGGAGTAGTTGTCATG-1,3
GGGATCCCATCTCATT-1,4
GGGATGACACTGCATA-1,2
GGGCGTTCAGACTCTA-1,1
GGGCTACAGCCTCCAG-1,2
GGGCTACGTCGTGCCA-1,1
GGGCTACGTCTACAGT-1,10
GGGCTCACAGTGTGGA-1,3
GGGCTCATCCTTTGAT-1,1
GGGTAGATCGCAGTCG-1,1
GGGTATTCAATTCGTG-1,2
GGGTATTCAGATACTC-1,1
GGGTATTCATCATCTT-1,1
GGGTATTGTGAGGCAT-1,2
GGGTCACCACCTCTAC-1,6
GGGTCACTCGTTCGCT-1,5
GGGTCACTCTTGTTAC-1,1
GGGTCTGCAGTCCCGA-1,5
GGGTCTGGTCCACTTC-1,2
GGGTCTGTCAATGTCG-1,1
GGGTCTGTCTGTCGCT-1,3
GGGTCTGTCTTCGACC-1,3
GGGTGAAAGCAAATGT-1,4
GGGTGAACAATTCTTC-1,2
GGGTGAAGTGATACCT-1,6
GGGTGAATCTACTTCA-1,7
GGGTGTCAGGGCAGAG-1,4
GGGTGTCTCAGCTCTC-1,1
GGGTGTCTCCACACCT-1,3
GGGTTATCACAATCTG-1,2
GGGTTATTCATTGAGC-1,2
GGGTTTACACGACGCT-1,3
GGGTTTACAGTTGCGC-1,3
GGGTTTACATAACCCA-1,4
GGGTTTACATCGCCTT-1,2
GGGTTTAGTAAGTAGT-1,3
GGGTTTAGTCTGATCA-1,2
GGGTTTATCTACGGTA-1,2
GGTAACTAGCCGCTTG-1,6
GGTAACTAGGAGAGGC-1,4
GGTAACTAGTTGAATG-1,4
GGTAACTCATCATGAC-1,4
GGTAACTGTACGAGTG-1,2
GGTAACTTCAAGTCGT-1,2
GGTAGAGAGATTGCGG-1,1
GGTAGAGCACTACGGC-1,1
GGTAGAGGTACTAGCT-1,1
GGTAGAGTCATTTGGG-1,4
GGTAGAGTCTGTCGTC-1,3
GGTCACGAGGCCTTCG-1,4
GGTCACGAGTGGACTG-1,1
GGTCACGCAAGAATAC-1,3
GGTCACGTCGACGCTG-1,3
GGTCACGTCGCGTCGA-1,1
GGTCTGGAGAGGCTGT-1,1
GGTCTGGAGCATCTTG-1,2
GGTGAAGAGGGTTAGC-1,1
GGTGAAGTCGAGAATA-1,6
GGTGAAGTCTCTCCGA-1,3
GGTGATTTCACTTATC-1,3
GGTGGCTGTCGCAGTC-1,2
GGTGGCTGTGTGTGTT-1,1
GGTGGCTTCCACGGAC-1,2
GGTGTCGAGGATGTTA-1,3
GGTGTCGGTAAGGTCG-1,2
GGTGTCGGTTGGACTT-1,4
GGTGTCGTCTAGTACG-1,1
GGTGTTAAGTGATTCC-1,3
GGTGTTACATCAGTGT-1,1
GGTGTTAGTCCTCCAT-1,4
GGTTAACAGGTATTGA-1,1
GGTTAACAGTAGTCAA-1,4
GGTTAACCAACTCGTA-1,1
GGTTAACCACCAATTG-1,1
GGTTAACGTTATCTTC-1,2
GGTTGTAAGTCACTCA-1,2
GTAACACGTACAGTCT-1,5
GTAACACGTTCCGCGA-1,3
GTAACACTCGTGACTA-1,1
GTAACCAAGCAGGCTA-1,4
GTAACCAGTTCAAACC-1,1
GTAATCGAGAGGATGA-1,3
GTAATCGAGTGGTGGT-1,1
GTAATCGCAGAGTCTT-1,4
GTAATGCAGACTCAAA-1,1
GTAATGCAGTAGTGCG-1,2
GTAATGCTCATGCTAG-1,6
GTAATGCTCCTCTAAT-1,1
GTAATGCTCGCAGTCG-1,6
GTACAACCACCCTAAA-1,1
GTACAGTAGCCTTTGA-1,1
GTACAGTCATGGGAAC-1,1
GTACAGTTCAGGAGAC-1,4
GTAGAAACACGGATCC-1,1
GTAGAAACAGGTATGG-1,2
GTAGAAACATTGGGAG-1,1
GTAGAGGCAAGCGAGT-1,2
GTAGAGGCAGCCATTA-1,1
GTAGAGGCAGCTATTG-1,2
GTAGAGGGTGCCCACA-1,4
GTAGATCTCATTACGG-1,1
GTAGCTAAGGCGTTGA-1,3
GTAGCTACAAGTGATA-1,1
GTAGCTACACTTTAGG-1,2
GTAGCTACATAACGGG-1,2
GTAGCTAGTCTCACGG-1,3
GTAGCTATCCATTTCA-1,1
GTAGGAGCAGTCTACA-1,2
GTAGGAGTCGGTGCAC-1,1
GTAGGTTCACGCCAGT-1,1
GTAGGTTGTCCAGCGT-1,1
GTAGGTTTCGAGAGAC-1,4
GTAGTACAGTAAGGGA-1,7
GTAGTACAGTTAACAG-1,2
GTAGTACGTTGGCTAT-1,2
GTAGTACTCACCTTAT-1,2
GTAGTACTCATAGGCT-1,4
GTAGTACTCTCGAACA-1,1
GTATTGGCACGTTGGC-1,4
GTATTGGTCAAGCCGC-1,1
GTATTTCAGAAGTGTT-1,2
GTATTTCCACTCTCGT-1,1
GTATTTCTCTCCAAGA-1,5
GTCAAACAGAGGGTGG-1,4
GTCAAACAGGTAAGTT-1,1
GTCAAACTCTTCGATT-1,1
GTCAAGTCATCCGAAT-1,2
GTCACGGTCGAGATGG-1,2
GTCACTCTCTCTCGAC-1,5
GTCAGCGAGCAACTTC-1,7
GTCAGCGAGCGTGTCC-1,2
GTCAGCGCACCTGCAG-1,2
GTCAGCGCACGGTGAA-1,2
GTCAGCGCACTGTCGG-1,4
GTCAGCGCAGGACAGT-1,2
GTCAGCGGTACGTACT-1,2
GTCATCCAGAGTTGTA-1,1
GTCATCCAGTGATAGT-1,3
GTCATCCTCCACGAAT-1,2
GTCATTTCACGCGTGT-1,3
GTCATTTGTGCTTCAA-1,4
GTCCACTAGCTAATCC-1,2
GTCCACTAGTTGTAGA-1,2
GTCCACTCAACACTAC-1,1
GTCCACTGTCTCTCCA-1,1
GTCCACTGTGCGGCTT-1,2
GTCCACTTCATCGACA-1,3
GTCCCATAGCAATAAC-1,2
GTCCTCACACAGGATG-1,1
GTCCTCAGTTTCACAG-1,5
GTCGAATCAAATGCGG-1,4
GTCGAATTCATTACTC-1,2
GTCGCGACAATGACCT-1,1
GTCGCGATCCTCTTTC-1,2
GTCGCGATCGTACCTC-1,2
GTCGTAACAAGTGGAC-1,4
GTCGTAACACACAGCC-1,3
GTCGTAACACAGCCAC-1,2
GTCGTTCAGATGCTGG-1,5
GTCGTTCAGCCTCGTG-1,2
GTCGTTCAGTGAATAC-1,7
GTCTACCAGCAAGCCA-1,1
GTCTACCCACAGTGAG-1,1
GTCTACCTCGAATGCT-1,1
GTCTAGAGTCGCATGC-1,1
GTCTCACAGTAGCTCT-1,2
GTCTCACCAGTTAGGG-1,6
GTCTCACGTGACTCGC-1,1
GTCTCACGTTAGGCCC-1,3
GTCTGTCGTTTCGCTC-1,1
GTCTTTAGTATGAGGC-1,1
GTCTTTATCAACTACG-1,6
GTCTTTATCCACACCT-1,2
GTGACGCAGGTAGCAC-1,1
GTGACGCCAAACCGGA-1,1
GTGACGCCAGTTGTTG-1,1
GTGACGCGTGCTCGTG-1,1
GTGACGCTCGTCAGAT-1,1
GTGAGCCAGTGAGGTC-1,3
GTGAGCCCAACAAGAT-1,1
GTGAGCCGTTTACGTG-1,2
GTGAGCCTCACTGGGC-1,4
GTGAGCCTCATGCGGC-1,4
GTGAGCCTCGTGTGAT-1,2
GTGAGGAAGTACCATC-1,2
GTGAGGACATTCGATG-1,1
GTGAGGAGTGCATCTA-1,1
GTGAGGAGTGGTAATA-1,2
GTGAGTTAGAATCTAG-1,3
GTGAGTTGTTAGGCCC-1,4
GTGCACGAGACTGGGT-1,6
GTGCACGCATCTCCCA-1,4
GTGCACGGTCGACTGC-1,1
GTGCACGTCACACCCT-1,3
GTGCACGTCTTAGTTC-1,2
GTGCAGCAGACATATG-1,3
GTGCAGCCACCCTATC-1,1
GTGCAGCGTCTTACTT-1,3
GTGCGTGCAACAGCTT-1,1
GTGCGTGCAGCCGGTT-1,3
GTGCGTGTCTCCAAGA-1,2
GTGCTGGCAGGGAATC-1,2
GTGCTTCAGGCTGTAG-1,2
GTGCTTCCAACCTATG-1,2
GTGCTTCCAATAACCC-1,2
GTGGAAGGTAGGACTG-1,2
GTGGAGAGTGCCCTTT-1,2
GTGGAGAGTGCTGTCG-1,1
GTGGAGATCAAAGCCT-1,4
GTGGAGATCTCCGATC-1,1
GTGGCGTAGGGTACAC-1,2
GTGGCGTCACATATGC-1,3
GTGGCGTGTCCGTTTC-1,7
GTGGCGTGTTACACTG-1,2
GTGGCGTTCCGCAGTG-1,3
GTGGGAAAGCGTTCCG-1,1
GTGGGAAAGTCATAGA-1,1
GTGGGAACAGAAGTTA-1,1
GTGGGAAGTACAGAAT-1,1
GTGGGAATCCATACTT-1,4
GTGGTTACACCTCGTT-1,1
GTGGTTACAGCCGTTG-1,1
GTGGTTAGTAGACACG-1,2
GTGGTTAGTAGTATAG-1,6
GTGTAACAGCCAAGCA-1,2
GTGTAACGTGGCACTC-1,4
GTGTAACGTGTAGTGG-1,2
GTGTAACTCACCTCTG-1,3
GTGTAACTCACTTGGA-1,1
GTGTAACTCTCGTTTA-1,1
GTGTCCTAGAGACAAG-1,1
GTGTCCTAGTCTGGAG-1,1
GTGTGATAGTATGAGT-1,3
GTGTGATCACAATTCG-1,5
GTGTGATGTAATTGGA-1,5
GTGTGATTCACGTCCT-1,1
GTGTGGCGTCTCCCTA-1,7
GTGTGGCTCTTTCCAA-1,3
GTGTTAGCAGGTGTGA-1,1
GTGTTAGCATAGGTAA-1,2
GTGTTAGCATCCCGTT-1,1
GTGTTAGGTTTCGTAG-1,3
GTGTTAGTCACTTGGA-1,3
GTGTTAGTCTCACCCA-1,2
GTGTTCCGTATCGGTT-1,3
GTGTTCCGTCCAGTTA-1,4
GTGTTCCTCTGAGCAT-1,1
GTTACAGAGTGCTACT-1,2
GTTACAGCAACGTATC-1,2
GTTACAGGTTAAACCC-1,1
GTTACCCAGGATTACA-1,2
GTTACCCTCGCCAACG-1,2
GTTACGACACTTGTCC-1,1
GTTAGACTCCATCACC-1,3
GTTAGTGAGTGTAGAT-1,3
GTTAGTGCACATCCCT-1,1
GTTAGTGCAGTTTCGA-1,6
GTTAGTGGTCGAGCAA-1,1
GTTATGGCACACAGAG-1,4
GTTATGGCATACAGAA-1,1
GTTATGGGTCTCTCAC-1,1
GTTATGGTCCCATTTA-1,2
GTTCATTAGCATCCTA-1,3
GTTCATTGTAGATTAG-1,4
GTTCATTGTGATACCT-1,6
GTTCCGTAGATTGATG-1,2
GTTCCGTAGGGATCGT-1,2
GTTCCGTAGTCCCTAA-1,1
GTTCCGTCACCACTGG-1,1
GTTCCGTCACGATTCA-1,3
GTTCCGTCACGTAGTT-1,4
GTTCGCTAGTTCGGTT-1,1
GTTCGCTGTCGCCTAG-1,2
GTTCTATAGAAAGTCT-1,3
GTTGAACGTCTTGGTA-1,6
GTTGAACTCAACTACG-1,2
GTTGCGGCAGGACGAT-1,3
GTTGCGGCATCGTGGC-1,1
GTTGCGGCATGTTTGG-1,4
GTTGCGGGTTACAGCT-1,2
GTTGCGGTCAGCTTGA-1,2
GTTGCGGTCCTATGGA-1,3
GTTGCTCAGCGTTAGG-1,1
GTTGCTCAGTGGATAT-1,1
GTTGCTCCATGCGTGC-1,2
GTTGCTCGTCTTTATC-1,7
GTTGTAGAGACGACTG-1,4
GTTGTAGAGCTTCTAG-1,3
GTTGTAGCACGGCCAT-1,6
GTTGTAGCAGTCGCAC-1,4
GTTGTAGGTATGAGGC-1,3
GTTGTAGGTGCCCGTA-1,2
GTTGTAGGTTCACCGG-1,2
GTTGTAGTCCGAGAAG-1,2
GTTGTCCAGATACGAT-1,3
GTTGTCCAGCATTGAA-1,6
GTTGTCCCAGGGAATC-1,5
GTTGTCCTCCACGGAC-1,5
GTTGTGAGTACATTGC-1,1
GTTTACTCAATTCACG-1,4
GTTTACTTCTTACGGA-1,2
GTTTGGAAGATCCGAG-1,1
GTTTGGACAATTGCAC-1,1
GTTTGGACAGGCTCTG-1,2
GTTTGGACAGTATTCG-1,2
GTTTGGACATACAGGG-1,1
GTTTGGATCTGAACGT-1,1
TAACACGAGTTCATGC-1,5
TAACCAGAGCTCCATA-1,5
TAACCAGCATCATGAC-1,2
TAACGACCATGGACAG-1,1
TAACTTCGTGTTAAAG-1,1
TAAGCACAGAATTCAG-1,2
TAAGCACAGTTACTCG-1,4
TAAGCACCAACTTGCA-1,1
TAAGCACGTGTGATGG-1,4
TAAGCCAAGCACCCAC-1,1
TAAGCCACAAGCTACT-1,3
TAAGCCACACTCCGAG-1,2
TAAGCCAGTGGAATGC-1,3
TAAGTCGCACCCTATC-1,1
TAAGTCGGTCGTATTG-1,1
TAATCTCAGACCTTTG-1,4
TAATCTCAGACGACTG-1,1
TAATCTCCAAACTAGA-1,1
TAATCTCCAAGCGCAA-1,1
TAATCTCCAGTCCCGA-1,4
TAATCTCGTTCGGCGT-1,3
TAATCTCTCGGAGCAA-1,2
TAATTCCAGATGCTAA-1,7
TAATTCCGTCCTACGG-1,2
TAATTCCGTCGTAATC-1,2
TAATTCCTCCAAGGGA-1,1
TACAACGAGTTAACAG-1,5
TACAACGGTTGGTAGG-1,3
TACAACGTCACACCGG-1,3
TACAACGTCCTGATAG-1,2
TACACCCAGGCTCCCA-1,1
TACACCCCACAGCTGC-1,1
TACACCCGTACCTGTA-1,2
TACACCCGTCTGATAC-1,1
TACAGGTAGTGCCCGT-1,1
TACAGGTGTGCCTACG-1,3
TACAGGTGTTGGACTT-1,2
TACAGGTTCCTGATAG-1,1
TACAGGTTCGTCCATC-1,6
TACATTCAGGTAAAGG-1,2
TACATTCCACGCGCTA-1,4
TACATTCGTACCGTGC-1,3
TACATTCGTGAGCAGT-1,1
TACCCACAGCTGTCCG-1,2
TACCCACAGTCTGGAG-1,5
TACCCACAGTGACCTT-1,5
TACCCACGTCATCCCT-1,4
TACCCGTAGGGCAAGG-1,4
TACCCGTAGGTAGCCA-1,1
TACCCGTTCAACTTTC-1,1
TACCCGTTCAGCGCAC-1,1
TACCCGTTCGGAAACG-1,2
TACCGAAAGAGGGTAA-1,3
TACCGAATCAAAGAAC-1,2
TACCGAATCACAAGAA-1,2
TACCGAATCCGGTAGC-1,3
TACCGAATCGCCTTGT-1,3
TACCGAATCTCTATAC-1,8
TACCGGGGTCGGAAAC-1,1
TACCGGGGTTAGGACG-1,4
TACCGGGTCAGCGCAC-1,4
TACCTCGAGTTGCTCA-1,1
TACCTCGTCCATAGAC-1,2
TACCTCGTCCTATTTG-1,2
TACCTGCAGGCCTAAG-1,3
TACCTGCCAACTGGTT-1,1
TACCTGCCAGACAAGC-1,1
TACCTGCGTCCGGCAT-1,5
TACCTGCTCCTGGGTG-1,3
TACGCTCGTTGCATCA-1,2
TACGCTCTCATTGCCC-1,1
TACGCTCTCCTAGCTC-1,1
TACGGGCAGACACACG-1,1
TACGGGCAGGCCCACT-1,3
TACGGGCGTCAGCGTC-1,1
TACGGGCTCCTCACCA-1,1
TACGGTAAGTGACCTT-1,2
TACGGTACAGCAGAAC-1,4
TACGGTATCGCACTCT-1,3
TACGGTATCTAGGCCG-1,3
TACGTCCAGACGTCGA-1,2
TACGTCCAGCGGGTAT-1,1
TACGTCCTCAGGTAAA-1,2
TACTGCCAGGAACGAA-1,4
TACTGCCGTAGTCGGA-1,2
TACTTACAGCATCAGG-1,1
TACTTACCACTACAGT-1,3
TACTTACGTATAGGAT-1,1
TACTTACTCACTTGGA-1,1
TACTTACTCCCAAGCG-1,4
TACTTCAAGGTAAAGG-1,7
TACTTCAAGTTGTAGA-1,1
TACTTCATCATTCCTA-1,6
TACTTGTAGGCTCACC-1,7
TACTTGTAGGTCGCCT-1,4
TACTTGTGTAGCGTCC-1,2
TACTTGTGTTAGGGAC-1,5
TAGACCAAGGGAGGTG-1,2
TAGACCAGTTTAGAGA-1,2
TAGACCATCGAACACT-1,1
TAGACTGAGTCCTACA-1,2
TAGACTGCAAACACCT-1,3
TAGACTGGTAGGTGCA-1,1
TAGACTGGTATGAAGT-1,3
TAGAGTCAGTTGCGAG-1,1
TAGAGTCGTCAATCTG-1,4
TAGAGTCTCGGCATTA-1,5
TAGAGTCTCGGCTTGG-1,4
TAGATCGCAAAGCTCT-1,1
TAGATCGCAGGTGAGT-1,3
TAGATCGGTCCTTGTC-1,1
TAGATCGTCTCCAAGA-1,3
TAGCACAAGCCATTGT-1,3
TAGCACACAAACACGG-1,4
TAGCACAGTAACAGTA-1,2
TAGCACATCCATAAGC-1,2
TAGGAGGCACCTCAGG-1,4
TAGGAGGCACTTACAG-1,4
TAGGGTTAGGTACATA-1,4
TAGGGTTGTAGCTGTT-1,4
TAGGGTTGTTCTTGCC-1,2
TAGGTTGAGCTTAAGA-1,2
TAGGTTGCAACGTAAA-1,3
TAGGTTGTCAGCTAGT-1,1
TAGGTTGTCGGCAGTC-1,2
TAGTGCACAGACCGCT-1,2
TAGTGCAGTTTCGGCG-1,6
TAGTGCATCTAGTACG-1,4
TATACCTAGCGGTAGT-1,3
TATACCTAGTAGATCA-1,1
TATACCTGTGCAACAG-1,2
TATACCTTCTTCCAGC-1,3
TATATCCAGCCTCTGG-1,4
TATATCCAGTGCGTCC-1,3
TATATCCCAAGAGCTG-1,1
TATATCCTCACCTTGC-1,4
TATCAGGAGACGAGCT-1,1
TATCAGGAGCCTCTCT-1,2
TATCAGGAGTCAATCC-1,2
TATCAGGGTCCCACGA-1,7
TATCAGGGTTTGCAGT-1,3
TATCAGGTCATCGCTC-1,4
TATCCTACAAGGGCAT-1,2
TATCCTACACAAGCTT-1,1
TATCCTAGTTAGGGTG-1,2
TATCCTATCCTTGGAA-1,2
TATCGCCAGAGCAAGA-1,2
TATCGCCAGGCTAAAT-1,6
TATCGCCTCCCGAATA-1,3
TATCTGTAGATGTTCC-1,1
TATCTGTAGTCATACC-1,1
TATCTGTTCTATCCAT-1,1
TATCTGTTCTCGGGAC-1,4
TATCTTGCAAGATGGC-1,3
TATGTTCTCATCTGTT-1,4
TATTCCAAGTACGTCT-1,4
TATTGCTGTCATAACC-1,3
TATTGCTTCACAATGC-1,3
TATTGGGAGCTGTTCA-1,1
TATTGGGAGGAGACCT-1,2
TATTGGGCAGTTGCGC-1,3
TATTGGGTCCCTTGTG-1,1
TATTGGGTCGCTCATC-1,3
TATTTCGCAACACACT-1,1
TATTTCGCAAGGCTTT-1,2
TATTTCGCAGAACATA-1,4
TCAAGACAGTTGAAAC-1,4
TCAAGACGTGAAAGTT-1,1
TCAAGACTCTTCACGC-1,1
TCAAGCAAGTAGACAT-1,1
TCAAGCACAATTGCTG-1,1
TCAAGTGCAGCACACC-1,3
TCAAGTGCAGTCAACT-1,2
TCAAGTGGTGTAGTGG-1,4
TCAAGTGGTTACCTGA-1,4
TCAAGTGTCGACCAAT-1,3
TCAAGTGTCGGTAGGA-1,1
TCAATCTAGGTCTGGA-1,2
TCAATCTCAGACACAG-1,1
TCAATCTCATGTCGTA-1,6
TCAATTCGTACGACAG-1,7
TCAATTCGTTAGCGGA-1,6
TCACAAGAGCAGGGAG-1,2
TCACAAGGTAACACGG-1,1
TCACAAGGTGGCTCTG-1,3
TCACAAGGTTCCCACT-1,1
TCACAAGTCTCGCTTG-1,3
TCACACCAGCAGTAAT-1,3
TCACACCCAAGTCCCG-1,2
TCACACCGTTGGCCTG-1,2
TCACACCTCGCCTAGG-1,4
TCACGCTCACATGGTT-1,1
TCACGCTGTGGTATGG-1,1
TCACGCTTCATTGTGG-1,1
TCACGCTTCTATCGTT-1,4
TCACGGGAGTAGGGTC-1,3
TCACGGGGTCCAGGTC-1,5
TCACGGGGTTCAAACC-1,2
TCACTATAGGCCTGAA-1,3
TCACTATCATCCTCAC-1,1
TCACTCGAGCGAAACC-1,1
TCACTCGAGTGGGAAA-1,2
TCACTCGCACCAATTG-1,4
TCAGCAAGTAGGCTCC-1,1
TCAGCCTCACCTCTAC-1,1
TCAGGGCAGACTAAGT-1,2
TCAGGGCAGAGGGTAA-1,3
TCAGGGCGTAGACACG-1,5
TCAGGGCGTATCACGT-1,2
TCAGGGCGTGGGAGAG-1,2
TCAGGGCGTTAAGAAC-1,3
TCAGGGCGTTGTACGT-1,2
TCAGGGCTCGAGTACT-1,1
TCAGTCCCACTACTTT-1,2
TCAGTCCGTCAAATCC-1,2
TCAGTCCTCGCGTTTC-1,3
TCAGTGAAGCATGGGT-1,1
TCAGTTTAGCTCGGCT-1,2
TCAGTTTAGGCTAGCA-1,4
TCAGTTTCAGCTAACT-1,5
TCAGTTTTCCTGTAAG-1,5
TCAGTTTTCTTTACAC-1,5
TCATACTAGTAGACAT-1,1
TCATACTCAATTGCAC-1,3
TCATACTGTGTCATGT-1,1
TCATACTTCTCTATAC-1,2
TCATACTTCTTCGGTC-1,5
TCATATCCAAGCTCTA-1,2
TCATATCTCTGCAGCG-1,1
TCATCATAGCACTCCG-1,3
TCATCATCAATTAGGA-1,4
TCATCATGTCATAAAG-1,4
TCATCCGAGCCAACCC-1,1
TCATCCGCAAGAAACT-1,1
TCATCCGTCGGTCAGC-1,3
TCATGAGAGCTAATGA-1,6
TCATGAGAGTTGAATG-1,1
TCATGAGTCACTCGAA-1,2
TCATGAGTCCTTGACC-1,1
TCATGGACAACCACGC-1,1
TCATGGACATAACAGA-1,5
TCATGGAGTCCAGGTC-1,1
TCATGGATCCCTGGTT-1,2
TCATGGATCTTGGTCC-1,5
TCATGTTTCTTCGATT-1,3
TCATTACAGAATCCCT-1,2
TCATTACAGCGATGGT-1,2
TCATTCAAGACCGTTT-1,3
TCATTCACACCGTGGT-1,1
TCATTCAGTTTCAGAC-1,6
TCATTCATCGTGCTCT-1,4
TCATTGTAGTTTCAGC-1,3
TCATTGTTCGTAATGC-1,1
TCATTTGAGCAAATGT-1,3
TCATTTGGTAGTCGTT-1,2
TCCACCAAGGCAATGC-1,1
TCCACCAAGTGAGTTA-1,1
TCCACGTTCCGTGGGT-1,1
TCCACGTTCTTGTTAC-1,3
TCCAGAATCATTGGTG-1,3
TCCATCGAGATTTGCC-1,3
TCCATCGAGCGAGAAA-1,1
TCCATCGCAGAATCGG-1,3
TCCATCGGTCACTACA-1,1
TCCATCGTCCCATACC-1,2
TCCATGCGTTAATCGC-1,3
TCCATGCTCGCAACAT-1,1
TCCCACACAATTGAAG-1,1
TCCCACACACATGGTT-1,1
TCCCACACAGGATCTT-1,1
TCCCACATCACCCTGT-1,3
TCCCAGTAGCTAGATA-1,3
TCCCAGTGTGCACATT-1,2
TCCCAGTTCAGTGGGA-1,2
TCCCATGAGGTGAGCT-1,1
TCCCATGAGTCTGGTT-1,3
TCCCATGCACGCGTGT-1,2
TCCCATGCAGTCGCAC-1,2
TCCCATGCAGTGTGGA-1,4
TCCCATGCATAAGATG-1,3
TCCCATGTCGTGCTCT-1,3
TCCCATGTCTCTTGCG-1,2
TCCGAAAAGACTAGAT-1,3
TCCGAAAAGCAGGCAT-1,4
TCCGAAAAGGCGTTAG-1,3
TCCGAAAGTTAAGCAA-1,2
TCCGAAATCTAGATCG-1,2
TCCGATCGTCATCTAG-1,4
TCCGATCGTCGTTTCC-1,4
TCCGATCTCGTAGAGG-1,3
TCCGATCTCTGCAGCG-1,1
TCCGGGACACCGGTCA-1,1
TCCGGGAGTGAGATAT-1,4
TCCGGGAGTGTAAACA-1,4
TCCGTGTTCGCACGAC-1,1
TCCTAATAGGAATCGC-1,3
TCCTAATCAACAACAA-1,2
TCCTAATTCCGTGACG-1,2
TCCTCCCAGAGAGGTA-1,1
TCCTCCCCAGCGTACC-1,1
TCCTCCCGTTCAAGTC-1,5
TCCTCCCTCACACCCT-1,2
TCCTCCCTCAGAGCAG-1,5
TCCTCGAAGGTCTTTG-1,4
TCCTCGACACCGCTAG-1,1
TCCTCTTAGCGTTACT-1,1
TCCTCTTAGCTTGTGT-1,2
TCCTGCAAGATCCCGC-1,1
TCCTGCAGTATCTCTT-1,3
TCCTTTCAGGTTCCAT-1,4
TCCTTTCGTTGCTCGG-1,1
TCCTTTCGTTGTCATG-1,2
TCGAACAAGCGTTACT-1,5
TCGAACAAGGATTCAA-1,2
TCGAAGTAGCAATTCC-1,1
TCGAAGTCAATTCTTC-1,3
TCGAAGTTCTGCATAG-1,2
TCGACCTCACAACGTT-1,3
TCGACCTTCAAAGACA-1,1
TCGACCTTCCTGTAGA-1,3
TCGACGGAGGACATCG-1,2
TCGACGGGTATACGGG-1,3
TCGACGGTCGTCGACG-1,1
TCGATTTGTACTGCGC-1,3
TCGATTTGTCCTGGTG-1,1
TCGATTTGTCTAGGTT-1,4
TCGATTTTCCCAGCGA-1,1
TCGCACTCAGCGACCT-1,2
TCGCACTTCACCATAG-1,1
TCGCAGGTCCTCAGGG-1,2
TCGCAGGTCTAGTACG-1,1
TCGCTCAAGAGTGACC-1,1
TCGCTCAAGCTTTCCC-1,1
TCGCTCAGTCGAACAG-1,1
TCGCTCATCTATCGCC-1,4
TCGCTCATCTGGACTA-1,1
TCGCTTGAGAGTATAC-1,3
TCGCTTGAGATTCGAA-1,1
TCGCTTGAGGAGAGGC-1,2
TCGCTTGAGTGTACAA-1,2
TCGCTTGGTGGCTGAA-1,3
TCGCTTGTCCAGTTCC-1,2
TCGCTTGTCCGCTAGG-1,2
TCGGATACAGAGCCCT-1,1
TCGGATAGTGTCCATA-1,2
TCGGATATCGAGAACG-1,3
TCGGATATCTCGAGTA-1,2
TCGGGACAGACTGGGT-1,2
TCGGGACAGGTCACAG-1,5
TCGGGACCATTCTTCA-1,2
TCGGGACGTGATTGGG-1,3
TCGGGCAAGGAACTAT-1,3
TCGGGCACAGGGTCTC-1,2
TCGGGCATCGTGTCAA-1,3
TCGGGTGCACGCTGCA-1,1
TCGGGTGGTGCCGGTT-1,6
TCGGGTGTCATGGTAC-1,3
TCGGTCTAGCCATCCG-1,2
TCGGTCTAGGGAGGTG-1,5
TCGGTCTCAGGCATTT-1,2
TCGGTCTTCCTACGGG-1,4
TCGTAGAAGCAAGTGC-1,2
TCGTAGAAGTGCTCGC-1,3
TCGTAGACAAAGGCGT-1,4
TCGTAGACAATGCTCA-1,1
TCGTAGACAGGCACAA-1,2
TCGTAGACATCCTTGC-1,1
TCGTCCAAGATTGACA-1,4
TCGTCCAAGCTTCATG-1,2
TCGTCCAAGGTTTACC-1,2
TCGTCCACAATTGCCA-1,3
TCGTCCAGTCGAACAG-1,6
TCGTGCTAGAAGAGCA-1,3
TCGTGCTCAAGAGGTC-1,5
TCGTGCTGTCGAAACG-1,4
TCGTGGGGTGTCCTAA-1,5
TCGTGGGGTGTTTGCA-1,3
TCGTGGGTCGACCACG-1,1
TCTAACTAGGAAAGGT-1,2
TCTAACTAGTGAGCCA-1,2
TCTAACTTCCGAGGCT-1,4
TCTACATAGATTACCC-1,1
TCTACATAGGGTCAAC-1,4
TCTACATAGTGTACCT-1,2
TCTACATCACCCGTAG-1,2
TCTACATTCATGGGAG-1,4
TCTACCGCACAGTCGC-1,4
TCTACCGGTCTTCCGT-1,5
TCTACCGTCGAACACT-1,7
TCTATACGTTGGGCCT-1,5
TCTATCAAGAGATCGC-1,4
TCTATCACATTGAAAG-1,2
TCTCACGCAGTCGGTC-1,4
TCTCACGGTCGTAATC-1,1
TCTCACGGTCTCTCTG-1,5
TCTCACGGTGTTACTG-1,4
TCTCAGCCACAAAGTA-1,7
TCTCAGCGTCTCTCCA-1,3
TCTCAGCTCGTGCATA-1,2
TCTCAGCTCTGCGAGC-1,3
TCTCCGAAGACCTTTG-1,2
TCTCCGACAGAGAAAG-1,3
TCTCCGACAGTCCGTG-1,2
TCTCCGAGTCACAATC-1,1
TCTCCGATCCTAGCCT-1,8
TCTCTGGTCAGCTTCC-1,2
TCTGCCAGTCCCTGAG-1,2
TCTGCCAGTGTCCTAA-1,5
TCTGCCATCATGGAGG-1,1
TCTGCCATCGTTCAGA-1,3
TCTGCCATCTCCAAGA-1,2
TCTGGCTCAGCAGTGA-1,2
TCTGGCTTCTCGCCTA-1,4
TCTGTCGAGTCGAAAT-1,2
TCTGTCGCAGCTTTCC-1,6
TCTGTCGGTTGCGGAA-1,5
TCTGTCGTCGTCAAAC-1,4
TCTTAGTAGCAAATGT-1,1
TCTTAGTCAAGGTCTT-1,4
TCTTAGTCACCCTAGG-1,2
TCTTAGTCACTCCACT-1,2
TCTTAGTGTGTCCACG-1,2
TCTTAGTGTTAAAGTG-1,1
TCTTAGTTCCTGATAG-1,1
TCTTAGTTCGAGAAGC-1,5
TCTTAGTTCTGAGGCC-1,3
TCTTCCTAGCATGCGA-1,1
TCTTCCTAGGTAGGCT-1,5
TCTTCCTAGGTATTGA-1,1
TCTTCCTTCCCTCATG-1,2
TCTTCCTTCGTTGTTT-1,4
TCTTGCGCAAGAAACT-1,1
TCTTGCGCACCCAATA-1,3
TCTTGCGCATTCAGCA-1,5
TCTTGCGGTCGGTACC-1,6
TCTTTGATCCCACAGG-1,2
TCTTTGATCGGCTGAC-1,3
TGAACGTAGGGATCGT-1,5
TGAACGTCATATCTGG-1,2
TGAACGTTCGGTCATA-1,2
TGAATCGCAATGAACA-1,6
TGAATCGCACCCTAGG-1,4
TGAATGCAGGAACGAA-1,2
TGAATGCAGTCTCTGA-1,5
TGAATGCCATAAGATG-1,1
TGAATGCTCTCTAGGA-1,5
TGAATGCTCTGAGATC-1,1
TGAATGCTCTGAGCAT-1,3
TGACAGTCAATCCAGT-1,2
TGACAGTGTAGCTGTT-1,1
TGACAGTGTTGAAGTA-1,3
TGACAGTTCTACTCAT-1,2
TGACCCTCACAATCTG-1,3
TGACCCTTCACGACTA-1,1
TGACGCGCACCGAATT-1,5
TGACTCCCAATAACCC-1,1
TGACTCCCATCCTTGC-1,5
TGACTCCGTAATACCC-1,1
TGACTCCTCCTTGGAA-1,2
TGACTCCTCGGCTGGT-1,2
TGAGACTCAGACCAAG-1,1
TGAGCATCATCTGTTT-1,2
TGAGCATGTACCGGCT-1,2
TGAGCATGTATGACAA-1,1
TGAGCGCTCCCGAAAT-1,1
TGAGCGCTCGAGTCTA-1,6
TGAGGAGAGGTGGGTT-1,1
TGAGGAGCAACAAGAT-1,3
TGAGGGAAGTGTACCT-1,6
TGAGGTTAGTCCGCGT-1,2
TGAGGTTGTGCTAGCC-1,1
TGAGTCAGTCCTGTTC-1,2
TGAGTCATCCGTTGGG-1,2
TGAGTCATCTCCTACG-1,1
TGATCAGCAATCGCAT-1,4
TGATCAGCATGTCTAG-1,3
TGATCAGGTACTAACC-1,4
TGATCAGTCAAGGTGG-1,1
TGATCAGTCATGCTAG-1,1
TGATCAGTCCGGACGT-1,1
TGATCTTAGAGATTCA-1,2
TGATCTTGTGAATATG-1,3
TGATCTTGTTATGACC-1,1
TGATGCAAGATACAGT-1,1
TGATGCAAGGTAGCAC-1,5
TGATGCAAGTCATGCT-1,1
TGATGCACAACGGCTC-1,3
TGATGCATCAACACCA-1,4
TGATGCATCACACCCT-1,4
TGATGCATCCATTTAC-1,7
TGATGGTCATATCGGT-1,4
TGATGGTTCGCGTTTC-1,1
TGATTCTAGAGCTTTC-1,2
TGATTCTAGGGTGAAA-1,2
TGATTCTCATCTGCGG-1,4
TGATTTCCAAGCTGCC-1,2
TGATTTCGTCGATTCA-1,2
TGCACGGAGCGACAGT-1,2
TGCACGGAGTGGTTAA-1,1
TGCACGGCAAGTGCTT-1,2
TGCACGGCATCGATGT-1,1
TGCACGGTCAAGGTGG-1,1
TGCAGATAGTTTCTTC-1,3
TGCAGATCACCGGTCA-1,3
TGCAGATCACCTATCC-1,2
TGCAGATCACTTCATT-1,3
TGCAGATGTAGGTAGC-1,1
TGCAGATTCTAGACCA-1,1
TGCAGGCAGAATACAC-1,1
TGCAGGCAGGATTTGA-1,7
TGCAGGCTCAACCTCC-1,2
TGCAGGCTCAACGCTA-1,4
TGCAGGCTCGCAGATT-1,5
TGCAGGCTCTGCAGCG-1,4
TGCAGTACAACTGAAA-1,1
TGCAGTACACCTGAAT-1,1
TGCAGTAGTGAGGCAT-1,4
TGCATCCCACGCTGAC-1,5
TGCATCCTCTGCCTCA-1,2
TGCATGAAGTAAACAC-1,4
TGCATGACAGTCTACA-1,2
TGCCGAGAGCCTCGTG-1,2
TGCCGAGAGGAACTCG-1,4
TGCCGAGAGTATTGCC-1,3
TGCCGAGCAGTCACGC-1,4
TGCCGAGGTCCTGTTC-1,4
TGCCGAGTCCGTATGA-1,3
TGCGACGAGTTCCAGT-1,2
TGCGACGGTATCGTTG-1,2
TGCGACGGTGATAGAT-1,3
TGCGACGTCGTTTACT-1,8
TGCGATACAACCAACT-1,1
TGCGATACACGGTCTG-1,4
TGCGATATCCATAGGT-1,4
TGCGGCAAGACTCATC-1,1
TGCGGCAAGGGAGGCA-1,3
TGCGGCACATGATGCT-1,2
TGCGGCAGTAGGACTG-1,2
TGCGGGTAGGTATAGT-1,1
TGCGGGTCAACTGATC-1,1
TGCGGGTTCGAGTTGT-1,5
TGCGGGTTCGGTAACT-1,2
TGCTCCACACCGTACG-1,3
TGCTCCAGTAATGTGA-1,1
TGCTCCAGTGGCGTAA-1,3
TGCTCGTAGTATTGCC-1,2
TGCTGAAAGGGTAATT-1,2
TGCTGAAGTACGCGTC-1,2
TGCTGAAGTGAGTAAT-1,2
TGCTGAATCCGTTGAA-1,1
TGCTGAATCTTCCGTG-1,1
TGCTTCGTCATGACAC-1,3
TGCTTGCCATTCACCC-1,2
TGCTTGCGTGGTCCCA-1,1
TGCTTGCTCTTCGTAT-1,3
TGGAACTAGACAACTA-1,4
TGGAACTAGACCAGCA-1,4
TGGAACTTCCGTGTAA-1,1
TGGAGAGAGCCGATTT-1,3
TGGAGAGAGGTACAGC-1,3
TGGAGAGCAAGCCTGC-1,1
TGGAGAGCACGCTGAC-1,5
TGGAGAGGTATTCTCT-1,1
TGGAGAGGTGTGTGGA-1,1
TGGAGAGTCACATACG-1,2
TGGAGAGTCGATTGAC-1,2
TGGATCAAGACGTCCC-1,1
TGGATCAAGCCGAACA-1,3
TGGATCAAGTCGAATA-1,3
TGGATCACAGAGATTA-1,1
TGGATGTAGCTAAGTA-1,1
TGGATGTCATTGCCGG-1,2
TGGATGTTCTCTCAAT-1,1
TGGCGTGAGCAAGTGC-1,1
TGGCGTGAGTGGTTCT-1,1
TGGCGTGCAGTGACCC-1,1
TGGGAAGCAACGGCTC-1,6
TGGGAGAAGAGCATCG-1,7
TGGGAGAAGAGGGTAA-1,4
TGGGAGACAAGACGGT-1,3
TGGGAGATCCTGGGTG-1,1
TGGGAGATCGCTACAA-1,4
TGGGAGATCGTGGAAG-1,2
TGGGAGATCTGGGTCG-1,2
TGGGCGTAGAAACTAC-1,3
TGGGCGTAGCCGATCC-1,1
TGGGCGTAGGTGTGAC-1,2
TGGGCGTCAAATCAAG-1,1
TGGGCGTCAGGCGAAT-1,1
TGGGCGTGTATTGACC-1,3
TGGGCGTGTCTCCCTA-1,2
TGGGCGTGTGCCTGCA-1,2
TGGGCTGCACGTGAGA-1,1
TGGGCTGGTCTCTCTG-1,3
TGGGTTAAGATGAATC-1,1
TGGGTTACATGCCGAC-1,2
TGGGTTACATTGTACG-1,4
TGGGTTAGTAGATGTA-1,1
TGGGTTAGTGACGTCC-1,3
TGGGTTATCAGCTGAT-1,2
TGGGTTATCATGTCTT-1,5
TGGGTTATCATTGTGG-1,2
TGGGTTATCCTTCAGC-1,4
TGGTACACACTTGGGC-1,2
TGGTACAGTAGACTGG-1,6
TGGTACATCCGTATGA-1,2
TGGTAGTCAAAGCTCT-1,2
TGGTGATAGGCCACTC-1,1
TGGTGATTCAATGCAC-1,2
TGGTTAGTCACCTTAT-1,1
TGTAACGCACAAAGCG-1,1
TGTAACGGTTCAAAGA-1,6
TGTAACGTCAGTCTTT-1,3
TGTAACGTCATAGACC-1,2
TGTAAGCCACGTCTCT-1,1
TGTAAGCCAGTTAGAA-1,3
TGTAAGCCATCACAGT-1,3
TGTACAGCAATTGCTG-1,2
TGTACAGTCAGTCACA-1,3
TGTAGACAGATGAAGG-1,2
TGTAGACAGGTTCTAC-1,3
TGTAGACCACTGATTG-1,4
TGTAGACGTAAGGTCG-1,2
TGTAGACTCTCTGGTC-1,5
TGTCAGACATACTGTG-1,5
TGTCAGAGTCCAGCGT-1,3
TGTCCACCATGGGATG-1,1
TGTCCACGTCGCTTGG-1,3
TGTCCACGTTCCTACC-1,4
TGTCCACTCCTCAGAA-1,4
TGTCCCAAGGTCGTCC-1,1
TGTCCCAGTATCACCA-1,5
TGTCCCAGTTAAAGTG-1,4
TGTCCTGAGCCAAGGT-1,3
TGTCCTGCACCCGTAG-1,3
TGTGAGTAGGCTAACG-1,2
TGTGATGCAAATACAG-1,6
TGTGATGTCACTCGAA-1,1
TGTGATGTCAGAGTGG-1,1
TGTGCGGCAAGTGGAC-1,1
TGTGCGGCAGCTCATA-1,3
TGTGGCGAGCTTCGTA-1,2
TGTGGCGAGGCCCGTT-1,6
TGTGGCGAGTCGCTAT-1,3
TGTGGCGCACAGTGAG-1,4
TGTGGCGCAGTAGATA-1,1
TGTGGCGGTGCCGAAA-1,5
TGTGGCGTCGAGAATA-1,2
TGTGTGAAGCCAAGGT-1,2
TGTGTGACAACCGTAT-1,4
TGTGTGACATCGTCCT-1,2
TGTGTGAGTCTCTCAC-1,3
TGTTACTGTAAGTTGA-1,3
TGTTACTGTGTGTACT-1,1
TGTTACTTCCTCCACA-1,1
TGTTACTTCTACCAGA-1,1
TGTTCATTCAGTGTGT-1,5
TGTTCCGAGAGTGACC-1,2
TGTTCCGCACTAAACC-1,4
TGTTCCGGTGCCGGTT-1,1
TGTTCTAAGCCATCCG-1,2
TGTTCTAAGGGATCAC-1,1
TGTTCTAGTCATCGCG-1,2
TGTTCTAGTCCGGATC-1,1
TGTTCTAGTGAAAGTT-1,2
TGTTGAGGTCATATGC-1,4
TGTTGAGTCAGATGCT-1,7
TGTTGAGTCGCTCTCA-1,7
TGTTGGACACCTGCAG-1,1
TGTTGGAGTAGGACTG-1,2
TGTTGGAGTCACATTG-1,1
TGTTGGATCCTCATAT-1,2
TTAATCCAGCTAGAGC-1,3
TTACAGGAGCACCGTC-1,6
TTACAGGTCCACACCT-1,2
TTACAGGTCCACGGGT-1,2
TTACAGGTCTTCGCTG-1,2
TTACCATAGCTGGAGT-1,1
TTACCATGTTCAAGGG-1,5
TTACCGCAGGCAGTCA-1,6
TTACCGCCAACCGTAT-1,2
TTACCGCCATTCGGGC-1,1
TTACCGCTCGACCATA-1,2
TTACGCCCACCAATTG-1,1
TTACGCCCAGTCTCTC-1,2
TTACGTTCACGTTGGC-1,1
TTACGTTTCGGCATTA-1,3
TTACTGTAGTGCCAGA-1,1
TTACTGTCACCCTGAG-1,2
TTACTGTCATGATCTG-1,2
TTAGGCACAGCTGTAT-1,3
TTAGGGTGTCCGAAAG-1,4
TTAGGGTGTTCCAGGC-1,2
TTAGTCTAGAGTGTTA-1,3
TTAGTCTAGTAGCATA-1,3
TTAGTCTAGTTGAAGT-1,2
TTAGTCTCAGTGGCTC-1,1
TTAGTCTGTTTCGGCG-1,1
TTATTGCGTTAAGGGC-1,3
TTATTGCTCAGGACGA-1,2
TTATTGCTCTCTCTTC-1,1
TTCAATCTCGGATAAA-1,3
TTCACCGCAATTCTCT-1,2
TTCACCGGTCCAGTTA-1,3
TTCACGCAGCGATCGA-1,4
TTCATGTAGGGTTGCA-1,1
TTCATGTAGTAGAGTT-1,4
TTCATGTAGTTCCATG-1,5
TTCATGTGTTAGGGAC-1,2
TTCATTGAGCGACCCT-1,1
TTCATTGGTCATTGCA-1,3
TTCCAATGTCTCGGAC-1,1
TTCCAATGTGTCCACG-1,3
TTCCACGAGTCTACCA-1,3
TTCCACGGTTCGGGTC-1,4
TTCCGGTAGAGGTATT-1,1
TTCCGGTGTAATTAGG-1,4
TTCCGGTTCAACCCGG-1,4
TTCCTAACAATAGGGC-1,1
TTCCTAAGTAATGTGA-1,1
TTCCTCTCACCCAAGC-1,2
TTCCTCTGTGGTTCTA-1,1
TTCCTTCAGCCGTTGC-1,1
TTCCTTCTCGCGTCGA-1,1
TTCCTTCTCTCTATGT-1,1
TTCGATTCACCAGACC-1,1
TTCGATTCATCCGTGG-1,1
TTCGATTTCTTTACAC-1,2
TTCGCTGCAGAGCCCT-1,2
TTCGCTGTCCCAGCGA-1,1
TTCGGTCAGTCTCCTC-1,1
TTCGGTCAGTTTGGCT-1,1
TTCGGTCGTCATCTAG-1,1
TTCGGTCGTGGGCTCT-1,5
TTCTAACAGCAGGGAG-1,4
TTCTAACCAAGTGTCT-1,3
TTCTAACCACACCTTC-1,6
TTCTAACGTCCGATCG-1,3
TTCTAACTCGAATGCT-1,2
TTCTAGTAGAGAGCGG-1,1
TTCTAGTAGTGGATAT-1,1
TTCTAGTTCACTGGTA-1,1
TTCTAGTTCACTGTTT-1,2
TTCTAGTTCATGCAGT-1,6
TTCTCTCAGACGACTG-1,4
TTCTCTCAGACTGAGC-1,2
TTCTCTCGTCTTGAAC-1,2
TTCTCTCGTGTACAGG-1,2
TTCTGTACAATTGCTG-1,1
TTCTTCCAGAGAGTTT-1,2
TTCTTCCGTTCCTTGC-1,4
TTGAACGTCTTTGCGC-1,2
TTGACCCCAGGTTTAC-1,1
TTGACCCTCGTTCTAT-1,5
TTGACCCTCTGGCCTT-1,3
TTGAGTGAGGATGGCT-1,6
TTGAGTGCAGGATCTT-1,5
TTGAGTGGTATCGCTA-1,2
TTGATGGGTGACAGGT-1,1
TTGATGGTCTAAGCGT-1,1
TTGCATTAGTGATCGG-1,6
TTGCCTGTCAGTGTCA-1,4
TTGCCTGTCGGTCATA-1,3
TTGCCTGTCTCTCCGA-1,1
TTGCGTCAGCCGATTT-1,3
TTGCGTCAGGACACTG-1,1
TTGCGTCCAAATACGA-1,4
TTGCGTCTCAAGGAGC-1,2
TTGCTGCCATCCGCGA-1,3
TTGCTGCGTGTTCATG-1,4
TTGGATGCACAGAAGC-1,2
TTGGATGGTCATGCAT-1,2
TTGGATGTCTAGTCAG-1,1
TTGGGATCACTAGTAC-1,1
TTGGGATCAGGTATGG-1,1
TTGGGATTCGACACCG-1,5
TTGGGCGCACAGAGAC-1,2
TTGGGCGCAGTTAGAA-1,5
TTGGGTAAGCTAGATA-1,4
TTGGGTAGTGAGATAT-1,3
TTGGGTATCCGCCTAT-1,1
TTGGGTATCGCACTCT-1,3
TTGGGTATCGTGACTA-1,4
TTGGGTATCTTGAGCA-1,1
TTGGTTTAGATCGGTG-1,2
TTGGTTTGTAGTGGCA-1,4
TTGGTTTGTATACCCA-1,2
TTGGTTTTCATGCAGT-1,4
TTGTGGACACTGGCCA-1,1
TTGTGTTGTTGGGTAG-1,1
TTGTGTTGTTTGTTGG-1,5
TTGTTCAAGACGCCCT-1,3
TTGTTCACAAAGGGCT-1,1
TTGTTCAGTATGGTAA-1,3
TTGTTCAGTGGGCTCT-1,1
TTGTTCAGTTATAGCC-1,1
TTGTTGTTCAAGAGTA-1,1
TTGTTTGAGAGAGCAA-1,3
TTGTTTGAGTAACCGG-1,6
TTGTTTGCATCAGTCA-1,2
TTTACCATCACGAACT-1,1
TTTACTGGTAGGAGTC-1,1
TTTACTGGTGGCTCTG-1,3
TTTAGTCAGATTGATG-1,5
TTTAGTCAGGCTAAAT-1,3
TTTAGTCGTACTAGCT-1,1
TTTAGTCTCTTAGCCC-1,6
TTTATGCCAGAAGCGT-1,3
TTTATGCCAGTACTAC-1,1
TTTATGCCATTGAAGA-1,2
TTTATGCTCGAGATAA-1,1
TTTCACAAGGCCTGCT-1,5
TTTCACAGTGCTTCAA-1,4
TTTCAGTGTTGGAGGT-1,2
TTTCATGCAACACTAC-1,3
TTTCATGCAAGATGGC-1,5
TTTCATGCATCCTAAG-1,3
TTTCCTCTCCATTGTT-1,4
TTTCCTCTCCCGAGTG-1,2
TTTCGATAGCTGTACT-1,3
TTTCGATTCGAACGCC-1,1
TTTGACTGTGCTTCAA-1,1
TTTGATCAGTTCAACC-1,1
TTTGGAGCAAGAGAGA-1,1
TTTGGAGTCAGTAGGG-1,2
TTTGGTTCAACCAGAG-1,1
TTTGGTTCACGACAAG-1,2
TTTGGTTCATTAAAGG-1,1
TTTGGTTTCATCTCTA-1,3
